src_hour,tgt_hour,prompt,layer,baseline_pred,steered_pred,baseline_correct,steered_correct
1AM,2AM,"You glance at the clock and find it is 1:00AM. Your friend Alex asks you for the time, and you respond, saying it is",5,1AM,1AM,True,False
1AM,3AM,"You glance at the clock and find it is 1:00AM. Your friend Sam asks you for the time, and you respond, saying it is",5,1AM,1AM,True,False
1AM,4AM,"You glance at the clock and find it is 1:00AM. Your friend Jordan asks you for the time, and you respond, saying it is",5,1AM,1AM,True,False
1AM,5AM,"You glance at the clock and find it is 1:00AM. Your friend Taylor asks you for the time, and you respond, saying it is",5,1AM,1AM,True,False
1AM,6AM,"You glance at the clock and find it is 1:00AM. Your friend Morgan asks you for the time, and you respond, saying it is",5,1AM,1AM,True,False
1AM,7AM,"You glance at the clock and find it is 1:00AM. Your friend Alex asks you for the time, and you respond, saying it is",5,1AM,1AM,True,False
1AM,8AM,"You glance at the clock and find it is 1:00AM. Your friend Sam asks you for the time, and you respond, saying it is",5,1AM,1AM,True,False
1AM,9AM,"You glance at the clock and find it is 1:00AM. Your friend Jordan asks you for the time, and you respond, saying it is",5,1AM,1AM,True,False
1AM,10AM,"You glance at the clock and find it is 1:00AM. Your friend Taylor asks you for the time, and you respond, saying it is",5,1AM,1AM,True,False
1AM,11AM,"You glance at the clock and find it is 1:00AM. Your friend Morgan asks you for the time, and you respond, saying it is",5,1AM,1AM,True,False
1AM,12PM,"You glance at the clock and find it is 1:00AM. Your friend Alex asks you for the time, and you respond, saying it is",5,1AM,1AM,True,False
1AM,1PM,"You glance at the clock and find it is 1:00AM. Your friend Sam asks you for the time, and you respond, saying it is",5,1AM,1AM,True,False
1AM,2PM,"You glance at the clock and find it is 1:00AM. Your friend Jordan asks you for the time, and you respond, saying it is",5,1AM,1AM,True,False
1AM,3PM,"You glance at the clock and find it is 1:00AM. Your friend Taylor asks you for the time, and you respond, saying it is",5,1AM,1AM,True,False
1AM,4PM,"You glance at the clock and find it is 1:00AM. Your friend Morgan asks you for the time, and you respond, saying it is",5,1AM,1AM,True,False
1AM,5PM,"You glance at the clock and find it is 1:00AM. Your friend Alex asks you for the time, and you respond, saying it is",5,1AM,1AM,True,False
1AM,6PM,"You glance at the clock and find it is 1:00AM. Your friend Sam asks you for the time, and you respond, saying it is",5,1AM,1AM,True,False
1AM,7PM,"You glance at the clock and find it is 1:00AM. Your friend Jordan asks you for the time, and you respond, saying it is",5,1AM,1AM,True,False
1AM,8PM,"You glance at the clock and find it is 1:00AM. Your friend Taylor asks you for the time, and you respond, saying it is",5,1AM,1AM,True,False
1AM,9PM,"You glance at the clock and find it is 1:00AM. Your friend Morgan asks you for the time, and you respond, saying it is",5,1AM,1AM,True,False
1AM,10PM,"You glance at the clock and find it is 1:00AM. Your friend Alex asks you for the time, and you respond, saying it is",5,1AM,1AM,True,False
1AM,11PM,"You glance at the clock and find it is 1:00AM. Your friend Sam asks you for the time, and you respond, saying it is",5,1AM,1AM,True,False
1AM,12AM,"You glance at the clock and find it is 1:00AM. Your friend Jordan asks you for the time, and you respond, saying it is",5,1AM,1AM,True,False
2AM,1AM,"You glance at the clock and find it is 2:00AM. Your friend Taylor asks you for the time, and you respond, saying it is",5,2AM,2AM,True,False
2AM,3AM,"You glance at the clock and find it is 2:00AM. Your friend Morgan asks you for the time, and you respond, saying it is",5,2AM,2AM,True,False
2AM,4AM,"You glance at the clock and find it is 2:00AM. Your friend Alex asks you for the time, and you respond, saying it is",5,2AM,2AM,True,False
2AM,5AM,"You glance at the clock and find it is 2:00AM. Your friend Sam asks you for the time, and you respond, saying it is",5,2AM,2AM,True,False
2AM,6AM,"You glance at the clock and find it is 2:00AM. Your friend Jordan asks you for the time, and you respond, saying it is",5,2AM,2AM,True,False
2AM,7AM,"You glance at the clock and find it is 2:00AM. Your friend Taylor asks you for the time, and you respond, saying it is",5,2AM,2AM,True,False
2AM,8AM,"You glance at the clock and find it is 2:00AM. Your friend Morgan asks you for the time, and you respond, saying it is",5,2AM,2AM,True,False
2AM,9AM,"You glance at the clock and find it is 2:00AM. Your friend Alex asks you for the time, and you respond, saying it is",5,2AM,2AM,True,False
2AM,10AM,"You glance at the clock and find it is 2:00AM. Your friend Sam asks you for the time, and you respond, saying it is",5,2AM,2AM,True,False
2AM,11AM,"You glance at the clock and find it is 2:00AM. Your friend Jordan asks you for the time, and you respond, saying it is",5,2AM,2AM,True,False
2AM,12PM,"You glance at the clock and find it is 2:00AM. Your friend Taylor asks you for the time, and you respond, saying it is",5,2AM,2AM,True,False
2AM,1PM,"You glance at the clock and find it is 2:00AM. Your friend Morgan asks you for the time, and you respond, saying it is",5,2AM,2AM,True,False
2AM,2PM,"You glance at the clock and find it is 2:00AM. Your friend Alex asks you for the time, and you respond, saying it is",5,2AM,2AM,True,False
2AM,3PM,"You glance at the clock and find it is 2:00AM. Your friend Sam asks you for the time, and you respond, saying it is",5,2AM,2AM,True,False
2AM,4PM,"You glance at the clock and find it is 2:00AM. Your friend Jordan asks you for the time, and you respond, saying it is",5,2AM,2AM,True,False
2AM,5PM,"You glance at the clock and find it is 2:00AM. Your friend Taylor asks you for the time, and you respond, saying it is",5,2AM,2AM,True,False
2AM,6PM,"You glance at the clock and find it is 2:00AM. Your friend Morgan asks you for the time, and you respond, saying it is",5,2AM,2AM,True,False
2AM,7PM,"You glance at the clock and find it is 2:00AM. Your friend Alex asks you for the time, and you respond, saying it is",5,2AM,2AM,True,False
2AM,8PM,"You glance at the clock and find it is 2:00AM. Your friend Sam asks you for the time, and you respond, saying it is",5,2AM,2AM,True,False
2AM,9PM,"You glance at the clock and find it is 2:00AM. Your friend Jordan asks you for the time, and you respond, saying it is",5,2AM,2AM,True,False
2AM,10PM,"You glance at the clock and find it is 2:00AM. Your friend Taylor asks you for the time, and you respond, saying it is",5,2AM,2AM,True,False
2AM,11PM,"You glance at the clock and find it is 2:00AM. Your friend Morgan asks you for the time, and you respond, saying it is",5,2AM,2AM,True,False
2AM,12AM,"You glance at the clock and find it is 2:00AM. Your friend Alex asks you for the time, and you respond, saying it is",5,2AM,2AM,True,False
3AM,1AM,"You glance at the clock and find it is 3:00AM. Your friend Sam asks you for the time, and you respond, saying it is",5,3AM,3AM,True,False
3AM,2AM,"You glance at the clock and find it is 3:00AM. Your friend Jordan asks you for the time, and you respond, saying it is",5,3AM,3AM,True,False
3AM,4AM,"You glance at the clock and find it is 3:00AM. Your friend Taylor asks you for the time, and you respond, saying it is",5,3AM,3AM,True,False
3AM,5AM,"You glance at the clock and find it is 3:00AM. Your friend Morgan asks you for the time, and you respond, saying it is",5,3AM,3AM,True,False
3AM,6AM,"You glance at the clock and find it is 3:00AM. Your friend Alex asks you for the time, and you respond, saying it is",5,3AM,3AM,True,False
3AM,7AM,"You glance at the clock and find it is 3:00AM. Your friend Sam asks you for the time, and you respond, saying it is",5,3AM,3AM,True,False
3AM,8AM,"You glance at the clock and find it is 3:00AM. Your friend Jordan asks you for the time, and you respond, saying it is",5,3AM,3AM,True,False
3AM,9AM,"You glance at the clock and find it is 3:00AM. Your friend Taylor asks you for the time, and you respond, saying it is",5,3AM,3AM,True,False
3AM,10AM,"You glance at the clock and find it is 3:00AM. Your friend Morgan asks you for the time, and you respond, saying it is",5,3AM,3AM,True,False
3AM,11AM,"You glance at the clock and find it is 3:00AM. Your friend Alex asks you for the time, and you respond, saying it is",5,3AM,3AM,True,False
3AM,12PM,"You glance at the clock and find it is 3:00AM. Your friend Sam asks you for the time, and you respond, saying it is",5,3AM,3AM,True,False
3AM,1PM,"You glance at the clock and find it is 3:00AM. Your friend Jordan asks you for the time, and you respond, saying it is",5,3AM,3AM,True,False
3AM,2PM,"You glance at the clock and find it is 3:00AM. Your friend Taylor asks you for the time, and you respond, saying it is",5,3AM,3AM,True,False
3AM,3PM,"You glance at the clock and find it is 3:00AM. Your friend Morgan asks you for the time, and you respond, saying it is",5,3AM,3AM,True,False
3AM,4PM,"You glance at the clock and find it is 3:00AM. Your friend Alex asks you for the time, and you respond, saying it is",5,3AM,3AM,True,False
3AM,5PM,"You glance at the clock and find it is 3:00AM. Your friend Sam asks you for the time, and you respond, saying it is",5,3AM,3AM,True,False
3AM,6PM,"You glance at the clock and find it is 3:00AM. Your friend Jordan asks you for the time, and you respond, saying it is",5,3AM,3AM,True,False
3AM,7PM,"You glance at the clock and find it is 3:00AM. Your friend Taylor asks you for the time, and you respond, saying it is",5,3AM,3AM,True,False
3AM,8PM,"You glance at the clock and find it is 3:00AM. Your friend Morgan asks you for the time, and you respond, saying it is",5,3AM,3AM,True,False
3AM,9PM,"You glance at the clock and find it is 3:00AM. Your friend Alex asks you for the time, and you respond, saying it is",5,3AM,3AM,True,False
3AM,10PM,"You glance at the clock and find it is 3:00AM. Your friend Sam asks you for the time, and you respond, saying it is",5,3AM,3AM,True,False
3AM,11PM,"You glance at the clock and find it is 3:00AM. Your friend Jordan asks you for the time, and you respond, saying it is",5,3AM,3AM,True,False
3AM,12AM,"You glance at the clock and find it is 3:00AM. Your friend Taylor asks you for the time, and you respond, saying it is",5,3AM,3AM,True,False
4AM,1AM,"You glance at the clock and find it is 4:00AM. Your friend Morgan asks you for the time, and you respond, saying it is",5,4AM,4AM,True,False
4AM,2AM,"You glance at the clock and find it is 4:00AM. Your friend Alex asks you for the time, and you respond, saying it is",5,4AM,4AM,True,False
4AM,3AM,"You glance at the clock and find it is 4:00AM. Your friend Sam asks you for the time, and you respond, saying it is",5,4AM,4AM,True,False
4AM,5AM,"You glance at the clock and find it is 4:00AM. Your friend Jordan asks you for the time, and you respond, saying it is",5,4AM,4AM,True,False
4AM,6AM,"You glance at the clock and find it is 4:00AM. Your friend Taylor asks you for the time, and you respond, saying it is",5,4AM,4AM,True,False
4AM,7AM,"You glance at the clock and find it is 4:00AM. Your friend Morgan asks you for the time, and you respond, saying it is",5,4AM,4AM,True,False
4AM,8AM,"You glance at the clock and find it is 4:00AM. Your friend Alex asks you for the time, and you respond, saying it is",5,4AM,4AM,True,False
4AM,9AM,"You glance at the clock and find it is 4:00AM. Your friend Sam asks you for the time, and you respond, saying it is",5,4AM,4AM,True,False
4AM,10AM,"You glance at the clock and find it is 4:00AM. Your friend Jordan asks you for the time, and you respond, saying it is",5,4AM,4AM,True,False
4AM,11AM,"You glance at the clock and find it is 4:00AM. Your friend Taylor asks you for the time, and you respond, saying it is",5,4AM,4AM,True,False
4AM,12PM,"You glance at the clock and find it is 4:00AM. Your friend Morgan asks you for the time, and you respond, saying it is",5,4AM,4AM,True,False
4AM,1PM,"You glance at the clock and find it is 4:00AM. Your friend Alex asks you for the time, and you respond, saying it is",5,4AM,4AM,True,False
4AM,2PM,"You glance at the clock and find it is 4:00AM. Your friend Sam asks you for the time, and you respond, saying it is",5,4AM,4AM,True,False
4AM,3PM,"You glance at the clock and find it is 4:00AM. Your friend Jordan asks you for the time, and you respond, saying it is",5,4AM,4AM,True,False
4AM,4PM,"You glance at the clock and find it is 4:00AM. Your friend Taylor asks you for the time, and you respond, saying it is",5,4AM,4AM,True,False
4AM,5PM,"You glance at the clock and find it is 4:00AM. Your friend Morgan asks you for the time, and you respond, saying it is",5,4AM,4AM,True,False
4AM,6PM,"You glance at the clock and find it is 4:00AM. Your friend Alex asks you for the time, and you respond, saying it is",5,4AM,4AM,True,False
4AM,7PM,"You glance at the clock and find it is 4:00AM. Your friend Sam asks you for the time, and you respond, saying it is",5,4AM,4AM,True,False
4AM,8PM,"You glance at the clock and find it is 4:00AM. Your friend Jordan asks you for the time, and you respond, saying it is",5,4AM,4AM,True,False
4AM,9PM,"You glance at the clock and find it is 4:00AM. Your friend Taylor asks you for the time, and you respond, saying it is",5,4AM,4AM,True,False
4AM,10PM,"You glance at the clock and find it is 4:00AM. Your friend Morgan asks you for the time, and you respond, saying it is",5,4AM,4AM,True,False
4AM,11PM,"You glance at the clock and find it is 4:00AM. Your friend Alex asks you for the time, and you respond, saying it is",5,4AM,4AM,True,False
4AM,12AM,"You glance at the clock and find it is 4:00AM. Your friend Sam asks you for the time, and you respond, saying it is",5,4AM,4AM,True,False
5AM,1AM,"You glance at the clock and find it is 5:00AM. Your friend Jordan asks you for the time, and you respond, saying it is",5,5AM,5AM,True,False
5AM,2AM,"You glance at the clock and find it is 5:00AM. Your friend Taylor asks you for the time, and you respond, saying it is",5,5AM,5AM,True,False
5AM,3AM,"You glance at the clock and find it is 5:00AM. Your friend Morgan asks you for the time, and you respond, saying it is",5,5AM,5AM,True,False
5AM,4AM,"You glance at the clock and find it is 5:00AM. Your friend Alex asks you for the time, and you respond, saying it is",5,5AM,5AM,True,False
5AM,6AM,"You glance at the clock and find it is 5:00AM. Your friend Sam asks you for the time, and you respond, saying it is",5,5AM,5AM,True,False
5AM,7AM,"You glance at the clock and find it is 5:00AM. Your friend Jordan asks you for the time, and you respond, saying it is",5,5AM,5AM,True,False
5AM,8AM,"You glance at the clock and find it is 5:00AM. Your friend Taylor asks you for the time, and you respond, saying it is",5,5AM,5AM,True,False
5AM,9AM,"You glance at the clock and find it is 5:00AM. Your friend Morgan asks you for the time, and you respond, saying it is",5,5AM,5AM,True,False
5AM,10AM,"You glance at the clock and find it is 5:00AM. Your friend Alex asks you for the time, and you respond, saying it is",5,5AM,5AM,True,False
5AM,11AM,"You glance at the clock and find it is 5:00AM. Your friend Sam asks you for the time, and you respond, saying it is",5,5AM,5AM,True,False
5AM,12PM,"You glance at the clock and find it is 5:00AM. Your friend Jordan asks you for the time, and you respond, saying it is",5,5AM,5AM,True,False
5AM,1PM,"You glance at the clock and find it is 5:00AM. Your friend Taylor asks you for the time, and you respond, saying it is",5,5AM,5AM,True,False
5AM,2PM,"You glance at the clock and find it is 5:00AM. Your friend Morgan asks you for the time, and you respond, saying it is",5,5AM,5AM,True,False
5AM,3PM,"You glance at the clock and find it is 5:00AM. Your friend Alex asks you for the time, and you respond, saying it is",5,5AM,5AM,True,False
5AM,4PM,"You glance at the clock and find it is 5:00AM. Your friend Sam asks you for the time, and you respond, saying it is",5,5AM,5AM,True,False
5AM,5PM,"You glance at the clock and find it is 5:00AM. Your friend Jordan asks you for the time, and you respond, saying it is",5,5AM,5AM,True,False
5AM,6PM,"You glance at the clock and find it is 5:00AM. Your friend Taylor asks you for the time, and you respond, saying it is",5,5AM,5AM,True,False
5AM,7PM,"You glance at the clock and find it is 5:00AM. Your friend Morgan asks you for the time, and you respond, saying it is",5,5AM,5AM,True,False
5AM,8PM,"You glance at the clock and find it is 5:00AM. Your friend Alex asks you for the time, and you respond, saying it is",5,5AM,5AM,True,False
5AM,9PM,"You glance at the clock and find it is 5:00AM. Your friend Sam asks you for the time, and you respond, saying it is",5,5AM,5AM,True,False
5AM,10PM,"You glance at the clock and find it is 5:00AM. Your friend Jordan asks you for the time, and you respond, saying it is",5,5AM,5AM,True,False
5AM,11PM,"You glance at the clock and find it is 5:00AM. Your friend Taylor asks you for the time, and you respond, saying it is",5,5AM,5AM,True,False
5AM,12AM,"You glance at the clock and find it is 5:00AM. Your friend Morgan asks you for the time, and you respond, saying it is",5,5AM,5AM,True,False
6AM,1AM,"You glance at the clock and find it is 6:00AM. Your friend Alex asks you for the time, and you respond, saying it is",5,6AM,6AM,True,False
6AM,2AM,"You glance at the clock and find it is 6:00AM. Your friend Sam asks you for the time, and you respond, saying it is",5,6AM,6AM,True,False
6AM,3AM,"You glance at the clock and find it is 6:00AM. Your friend Jordan asks you for the time, and you respond, saying it is",5,6AM,6AM,True,False
6AM,4AM,"You glance at the clock and find it is 6:00AM. Your friend Taylor asks you for the time, and you respond, saying it is",5,6AM,6AM,True,False
6AM,5AM,"You glance at the clock and find it is 6:00AM. Your friend Morgan asks you for the time, and you respond, saying it is",5,6AM,6AM,True,False
6AM,7AM,"You glance at the clock and find it is 6:00AM. Your friend Alex asks you for the time, and you respond, saying it is",5,6AM,6AM,True,False
6AM,8AM,"You glance at the clock and find it is 6:00AM. Your friend Sam asks you for the time, and you respond, saying it is",5,6AM,6AM,True,False
6AM,9AM,"You glance at the clock and find it is 6:00AM. Your friend Jordan asks you for the time, and you respond, saying it is",5,6AM,6AM,True,False
6AM,10AM,"You glance at the clock and find it is 6:00AM. Your friend Taylor asks you for the time, and you respond, saying it is",5,6AM,6AM,True,False
6AM,11AM,"You glance at the clock and find it is 6:00AM. Your friend Morgan asks you for the time, and you respond, saying it is",5,6AM,6AM,True,False
6AM,12PM,"You glance at the clock and find it is 6:00AM. Your friend Alex asks you for the time, and you respond, saying it is",5,6AM,6AM,True,False
6AM,1PM,"You glance at the clock and find it is 6:00AM. Your friend Sam asks you for the time, and you respond, saying it is",5,6AM,6AM,True,False
6AM,2PM,"You glance at the clock and find it is 6:00AM. Your friend Jordan asks you for the time, and you respond, saying it is",5,6AM,6AM,True,False
6AM,3PM,"You glance at the clock and find it is 6:00AM. Your friend Taylor asks you for the time, and you respond, saying it is",5,6AM,6AM,True,False
6AM,4PM,"You glance at the clock and find it is 6:00AM. Your friend Morgan asks you for the time, and you respond, saying it is",5,6AM,6AM,True,False
6AM,5PM,"You glance at the clock and find it is 6:00AM. Your friend Alex asks you for the time, and you respond, saying it is",5,6AM,6AM,True,False
6AM,6PM,"You glance at the clock and find it is 6:00AM. Your friend Sam asks you for the time, and you respond, saying it is",5,6AM,6AM,True,False
6AM,7PM,"You glance at the clock and find it is 6:00AM. Your friend Jordan asks you for the time, and you respond, saying it is",5,6AM,6AM,True,False
6AM,8PM,"You glance at the clock and find it is 6:00AM. Your friend Taylor asks you for the time, and you respond, saying it is",5,6AM,6AM,True,False
6AM,9PM,"You glance at the clock and find it is 6:00AM. Your friend Morgan asks you for the time, and you respond, saying it is",5,6AM,6AM,True,False
6AM,10PM,"You glance at the clock and find it is 6:00AM. Your friend Alex asks you for the time, and you respond, saying it is",5,6AM,6AM,True,False
6AM,11PM,"You glance at the clock and find it is 6:00AM. Your friend Sam asks you for the time, and you respond, saying it is",5,6AM,6AM,True,False
6AM,12AM,"You glance at the clock and find it is 6:00AM. Your friend Jordan asks you for the time, and you respond, saying it is",5,6AM,6AM,True,False
7AM,1AM,"You glance at the clock and find it is 7:00AM. Your friend Taylor asks you for the time, and you respond, saying it is",5,7AM,7AM,True,False
7AM,2AM,"You glance at the clock and find it is 7:00AM. Your friend Morgan asks you for the time, and you respond, saying it is",5,7AM,7AM,True,False
7AM,3AM,"You glance at the clock and find it is 7:00AM. Your friend Alex asks you for the time, and you respond, saying it is",5,7AM,7AM,True,False
7AM,4AM,"You glance at the clock and find it is 7:00AM. Your friend Sam asks you for the time, and you respond, saying it is",5,7AM,7AM,True,False
7AM,5AM,"You glance at the clock and find it is 7:00AM. Your friend Jordan asks you for the time, and you respond, saying it is",5,7AM,7AM,True,False
7AM,6AM,"You glance at the clock and find it is 7:00AM. Your friend Taylor asks you for the time, and you respond, saying it is",5,7AM,7AM,True,False
7AM,8AM,"You glance at the clock and find it is 7:00AM. Your friend Morgan asks you for the time, and you respond, saying it is",5,7AM,7AM,True,False
7AM,9AM,"You glance at the clock and find it is 7:00AM. Your friend Alex asks you for the time, and you respond, saying it is",5,7AM,7AM,True,False
7AM,10AM,"You glance at the clock and find it is 7:00AM. Your friend Sam asks you for the time, and you respond, saying it is",5,7AM,7AM,True,False
7AM,11AM,"You glance at the clock and find it is 7:00AM. Your friend Jordan asks you for the time, and you respond, saying it is",5,7AM,7AM,True,False
7AM,12PM,"You glance at the clock and find it is 7:00AM. Your friend Taylor asks you for the time, and you respond, saying it is",5,7AM,7AM,True,False
7AM,1PM,"You glance at the clock and find it is 7:00AM. Your friend Morgan asks you for the time, and you respond, saying it is",5,7AM,7AM,True,False
7AM,2PM,"You glance at the clock and find it is 7:00AM. Your friend Alex asks you for the time, and you respond, saying it is",5,7AM,7AM,True,False
7AM,3PM,"You glance at the clock and find it is 7:00AM. Your friend Sam asks you for the time, and you respond, saying it is",5,7AM,7AM,True,False
7AM,4PM,"You glance at the clock and find it is 7:00AM. Your friend Jordan asks you for the time, and you respond, saying it is",5,7AM,7AM,True,False
7AM,5PM,"You glance at the clock and find it is 7:00AM. Your friend Taylor asks you for the time, and you respond, saying it is",5,7AM,7AM,True,False
7AM,6PM,"You glance at the clock and find it is 7:00AM. Your friend Morgan asks you for the time, and you respond, saying it is",5,7AM,7AM,True,False
7AM,7PM,"You glance at the clock and find it is 7:00AM. Your friend Alex asks you for the time, and you respond, saying it is",5,7AM,7AM,True,False
7AM,8PM,"You glance at the clock and find it is 7:00AM. Your friend Sam asks you for the time, and you respond, saying it is",5,7AM,7AM,True,False
7AM,9PM,"You glance at the clock and find it is 7:00AM. Your friend Jordan asks you for the time, and you respond, saying it is",5,7AM,7AM,True,False
7AM,10PM,"You glance at the clock and find it is 7:00AM. Your friend Taylor asks you for the time, and you respond, saying it is",5,7AM,7AM,True,False
7AM,11PM,"You glance at the clock and find it is 7:00AM. Your friend Morgan asks you for the time, and you respond, saying it is",5,7AM,7AM,True,False
7AM,12AM,"You glance at the clock and find it is 7:00AM. Your friend Alex asks you for the time, and you respond, saying it is",5,7AM,7AM,True,False
8AM,1AM,"You glance at the clock and find it is 8:00AM. Your friend Sam asks you for the time, and you respond, saying it is",5,8AM,8AM,True,False
8AM,2AM,"You glance at the clock and find it is 8:00AM. Your friend Jordan asks you for the time, and you respond, saying it is",5,8AM,8AM,True,False
8AM,3AM,"You glance at the clock and find it is 8:00AM. Your friend Taylor asks you for the time, and you respond, saying it is",5,8AM,8AM,True,False
8AM,4AM,"You glance at the clock and find it is 8:00AM. Your friend Morgan asks you for the time, and you respond, saying it is",5,8AM,8AM,True,False
8AM,5AM,"You glance at the clock and find it is 8:00AM. Your friend Alex asks you for the time, and you respond, saying it is",5,8AM,8AM,True,False
8AM,6AM,"You glance at the clock and find it is 8:00AM. Your friend Sam asks you for the time, and you respond, saying it is",5,8AM,8AM,True,False
8AM,7AM,"You glance at the clock and find it is 8:00AM. Your friend Jordan asks you for the time, and you respond, saying it is",5,8AM,8AM,True,False
8AM,9AM,"You glance at the clock and find it is 8:00AM. Your friend Taylor asks you for the time, and you respond, saying it is",5,8AM,8AM,True,False
8AM,10AM,"You glance at the clock and find it is 8:00AM. Your friend Morgan asks you for the time, and you respond, saying it is",5,8AM,8AM,True,False
8AM,11AM,"You glance at the clock and find it is 8:00AM. Your friend Alex asks you for the time, and you respond, saying it is",5,8AM,8AM,True,False
8AM,12PM,"You glance at the clock and find it is 8:00AM. Your friend Sam asks you for the time, and you respond, saying it is",5,8AM,8AM,True,False
8AM,1PM,"You glance at the clock and find it is 8:00AM. Your friend Jordan asks you for the time, and you respond, saying it is",5,8AM,8AM,True,False
8AM,2PM,"You glance at the clock and find it is 8:00AM. Your friend Taylor asks you for the time, and you respond, saying it is",5,8AM,8AM,True,False
8AM,3PM,"You glance at the clock and find it is 8:00AM. Your friend Morgan asks you for the time, and you respond, saying it is",5,8AM,8AM,True,False
8AM,4PM,"You glance at the clock and find it is 8:00AM. Your friend Alex asks you for the time, and you respond, saying it is",5,8AM,8AM,True,False
8AM,5PM,"You glance at the clock and find it is 8:00AM. Your friend Sam asks you for the time, and you respond, saying it is",5,8AM,8AM,True,False
8AM,6PM,"You glance at the clock and find it is 8:00AM. Your friend Jordan asks you for the time, and you respond, saying it is",5,8AM,8AM,True,False
8AM,7PM,"You glance at the clock and find it is 8:00AM. Your friend Taylor asks you for the time, and you respond, saying it is",5,8AM,8AM,True,False
8AM,8PM,"You glance at the clock and find it is 8:00AM. Your friend Morgan asks you for the time, and you respond, saying it is",5,8AM,8AM,True,False
8AM,9PM,"You glance at the clock and find it is 8:00AM. Your friend Alex asks you for the time, and you respond, saying it is",5,8AM,8AM,True,False
8AM,10PM,"You glance at the clock and find it is 8:00AM. Your friend Sam asks you for the time, and you respond, saying it is",5,8AM,8AM,True,False
8AM,11PM,"You glance at the clock and find it is 8:00AM. Your friend Jordan asks you for the time, and you respond, saying it is",5,8AM,8AM,True,False
8AM,12AM,"You glance at the clock and find it is 8:00AM. Your friend Taylor asks you for the time, and you respond, saying it is",5,8AM,8AM,True,False
9AM,1AM,"You glance at the clock and find it is 9:00AM. Your friend Morgan asks you for the time, and you respond, saying it is",5,9AM,9AM,True,False
9AM,2AM,"You glance at the clock and find it is 9:00AM. Your friend Alex asks you for the time, and you respond, saying it is",5,9AM,9AM,True,False
9AM,3AM,"You glance at the clock and find it is 9:00AM. Your friend Sam asks you for the time, and you respond, saying it is",5,9AM,9AM,True,False
9AM,4AM,"You glance at the clock and find it is 9:00AM. Your friend Jordan asks you for the time, and you respond, saying it is",5,9AM,9AM,True,False
9AM,5AM,"You glance at the clock and find it is 9:00AM. Your friend Taylor asks you for the time, and you respond, saying it is",5,9AM,9AM,True,False
9AM,6AM,"You glance at the clock and find it is 9:00AM. Your friend Morgan asks you for the time, and you respond, saying it is",5,9AM,9AM,True,False
9AM,7AM,"You glance at the clock and find it is 9:00AM. Your friend Alex asks you for the time, and you respond, saying it is",5,9AM,9AM,True,False
9AM,8AM,"You glance at the clock and find it is 9:00AM. Your friend Sam asks you for the time, and you respond, saying it is",5,9AM,9AM,True,False
9AM,10AM,"You glance at the clock and find it is 9:00AM. Your friend Jordan asks you for the time, and you respond, saying it is",5,9AM,9AM,True,False
9AM,11AM,"You glance at the clock and find it is 9:00AM. Your friend Taylor asks you for the time, and you respond, saying it is",5,9AM,9AM,True,False
9AM,12PM,"You glance at the clock and find it is 9:00AM. Your friend Morgan asks you for the time, and you respond, saying it is",5,9AM,9AM,True,False
9AM,1PM,"You glance at the clock and find it is 9:00AM. Your friend Alex asks you for the time, and you respond, saying it is",5,9AM,9AM,True,False
9AM,2PM,"You glance at the clock and find it is 9:00AM. Your friend Sam asks you for the time, and you respond, saying it is",5,9AM,9AM,True,False
9AM,3PM,"You glance at the clock and find it is 9:00AM. Your friend Jordan asks you for the time, and you respond, saying it is",5,9AM,9AM,True,False
9AM,4PM,"You glance at the clock and find it is 9:00AM. Your friend Taylor asks you for the time, and you respond, saying it is",5,9AM,9AM,True,False
9AM,5PM,"You glance at the clock and find it is 9:00AM. Your friend Morgan asks you for the time, and you respond, saying it is",5,9AM,9AM,True,False
9AM,6PM,"You glance at the clock and find it is 9:00AM. Your friend Alex asks you for the time, and you respond, saying it is",5,9AM,9AM,True,False
9AM,7PM,"You glance at the clock and find it is 9:00AM. Your friend Sam asks you for the time, and you respond, saying it is",5,9AM,9AM,True,False
9AM,8PM,"You glance at the clock and find it is 9:00AM. Your friend Jordan asks you for the time, and you respond, saying it is",5,9AM,9AM,True,False
9AM,9PM,"You glance at the clock and find it is 9:00AM. Your friend Taylor asks you for the time, and you respond, saying it is",5,9AM,9AM,True,False
9AM,10PM,"You glance at the clock and find it is 9:00AM. Your friend Morgan asks you for the time, and you respond, saying it is",5,9AM,9AM,True,False
9AM,11PM,"You glance at the clock and find it is 9:00AM. Your friend Alex asks you for the time, and you respond, saying it is",5,9AM,9AM,True,False
9AM,12AM,"You glance at the clock and find it is 9:00AM. Your friend Sam asks you for the time, and you respond, saying it is",5,9AM,9AM,True,False
10AM,1AM,"You glance at the clock and find it is 10:00AM. Your friend Jordan asks you for the time, and you respond, saying it is",5,10AM,10AM,True,False
10AM,2AM,"You glance at the clock and find it is 10:00AM. Your friend Taylor asks you for the time, and you respond, saying it is",5,10AM,10AM,True,False
10AM,3AM,"You glance at the clock and find it is 10:00AM. Your friend Morgan asks you for the time, and you respond, saying it is",5,10AM,10AM,True,False
10AM,4AM,"You glance at the clock and find it is 10:00AM. Your friend Alex asks you for the time, and you respond, saying it is",5,10AM,10AM,True,False
10AM,5AM,"You glance at the clock and find it is 10:00AM. Your friend Sam asks you for the time, and you respond, saying it is",5,10AM,10AM,True,False
10AM,6AM,"You glance at the clock and find it is 10:00AM. Your friend Jordan asks you for the time, and you respond, saying it is",5,10AM,10AM,True,False
10AM,7AM,"You glance at the clock and find it is 10:00AM. Your friend Taylor asks you for the time, and you respond, saying it is",5,10AM,10AM,True,False
10AM,8AM,"You glance at the clock and find it is 10:00AM. Your friend Morgan asks you for the time, and you respond, saying it is",5,10AM,10AM,True,False
10AM,9AM,"You glance at the clock and find it is 10:00AM. Your friend Alex asks you for the time, and you respond, saying it is",5,10AM,10AM,True,False
10AM,11AM,"You glance at the clock and find it is 10:00AM. Your friend Sam asks you for the time, and you respond, saying it is",5,10AM,10AM,True,False
10AM,12PM,"You glance at the clock and find it is 10:00AM. Your friend Jordan asks you for the time, and you respond, saying it is",5,10AM,10AM,True,False
10AM,1PM,"You glance at the clock and find it is 10:00AM. Your friend Taylor asks you for the time, and you respond, saying it is",5,10AM,10AM,True,False
10AM,2PM,"You glance at the clock and find it is 10:00AM. Your friend Morgan asks you for the time, and you respond, saying it is",5,10AM,10AM,True,False
10AM,3PM,"You glance at the clock and find it is 10:00AM. Your friend Alex asks you for the time, and you respond, saying it is",5,10AM,10AM,True,False
10AM,4PM,"You glance at the clock and find it is 10:00AM. Your friend Sam asks you for the time, and you respond, saying it is",5,10AM,10AM,True,False
10AM,5PM,"You glance at the clock and find it is 10:00AM. Your friend Jordan asks you for the time, and you respond, saying it is",5,10AM,10AM,True,False
10AM,6PM,"You glance at the clock and find it is 10:00AM. Your friend Taylor asks you for the time, and you respond, saying it is",5,10AM,10AM,True,False
10AM,7PM,"You glance at the clock and find it is 10:00AM. Your friend Morgan asks you for the time, and you respond, saying it is",5,10AM,10AM,True,False
10AM,8PM,"You glance at the clock and find it is 10:00AM. Your friend Alex asks you for the time, and you respond, saying it is",5,10AM,10AM,True,False
10AM,9PM,"You glance at the clock and find it is 10:00AM. Your friend Sam asks you for the time, and you respond, saying it is",5,10AM,10AM,True,False
10AM,10PM,"You glance at the clock and find it is 10:00AM. Your friend Jordan asks you for the time, and you respond, saying it is",5,10AM,10AM,True,False
10AM,11PM,"You glance at the clock and find it is 10:00AM. Your friend Taylor asks you for the time, and you respond, saying it is",5,10AM,10AM,True,False
10AM,12AM,"You glance at the clock and find it is 10:00AM. Your friend Morgan asks you for the time, and you respond, saying it is",5,10AM,10AM,True,False
11AM,1AM,"You glance at the clock and find it is 11:00AM. Your friend Alex asks you for the time, and you respond, saying it is",5,11AM,11AM,True,False
11AM,2AM,"You glance at the clock and find it is 11:00AM. Your friend Sam asks you for the time, and you respond, saying it is",5,11AM,11AM,True,False
11AM,3AM,"You glance at the clock and find it is 11:00AM. Your friend Jordan asks you for the time, and you respond, saying it is",5,11AM,11AM,True,False
11AM,4AM,"You glance at the clock and find it is 11:00AM. Your friend Taylor asks you for the time, and you respond, saying it is",5,11AM,11AM,True,False
11AM,5AM,"You glance at the clock and find it is 11:00AM. Your friend Morgan asks you for the time, and you respond, saying it is",5,11AM,11AM,True,False
11AM,6AM,"You glance at the clock and find it is 11:00AM. Your friend Alex asks you for the time, and you respond, saying it is",5,11AM,11AM,True,False
11AM,7AM,"You glance at the clock and find it is 11:00AM. Your friend Sam asks you for the time, and you respond, saying it is",5,11AM,11AM,True,False
11AM,8AM,"You glance at the clock and find it is 11:00AM. Your friend Jordan asks you for the time, and you respond, saying it is",5,11AM,11AM,True,False
11AM,9AM,"You glance at the clock and find it is 11:00AM. Your friend Taylor asks you for the time, and you respond, saying it is",5,11AM,11AM,True,False
11AM,10AM,"You glance at the clock and find it is 11:00AM. Your friend Morgan asks you for the time, and you respond, saying it is",5,11AM,11AM,True,False
11AM,12PM,"You glance at the clock and find it is 11:00AM. Your friend Alex asks you for the time, and you respond, saying it is",5,11AM,11AM,True,False
11AM,1PM,"You glance at the clock and find it is 11:00AM. Your friend Sam asks you for the time, and you respond, saying it is",5,11AM,11AM,True,False
11AM,2PM,"You glance at the clock and find it is 11:00AM. Your friend Jordan asks you for the time, and you respond, saying it is",5,11AM,11AM,True,False
11AM,3PM,"You glance at the clock and find it is 11:00AM. Your friend Taylor asks you for the time, and you respond, saying it is",5,11AM,11AM,True,False
11AM,4PM,"You glance at the clock and find it is 11:00AM. Your friend Morgan asks you for the time, and you respond, saying it is",5,11AM,11AM,True,False
11AM,5PM,"You glance at the clock and find it is 11:00AM. Your friend Alex asks you for the time, and you respond, saying it is",5,11AM,11AM,True,False
11AM,6PM,"You glance at the clock and find it is 11:00AM. Your friend Sam asks you for the time, and you respond, saying it is",5,11AM,11AM,True,False
11AM,7PM,"You glance at the clock and find it is 11:00AM. Your friend Jordan asks you for the time, and you respond, saying it is",5,11AM,11AM,True,False
11AM,8PM,"You glance at the clock and find it is 11:00AM. Your friend Taylor asks you for the time, and you respond, saying it is",5,11AM,11AM,True,False
11AM,9PM,"You glance at the clock and find it is 11:00AM. Your friend Morgan asks you for the time, and you respond, saying it is",5,11AM,11AM,True,False
11AM,10PM,"You glance at the clock and find it is 11:00AM. Your friend Alex asks you for the time, and you respond, saying it is",5,11AM,11AM,True,False
11AM,11PM,"You glance at the clock and find it is 11:00AM. Your friend Sam asks you for the time, and you respond, saying it is",5,11AM,11AM,True,False
11AM,12AM,"You glance at the clock and find it is 11:00AM. Your friend Jordan asks you for the time, and you respond, saying it is",5,11AM,11AM,True,False
12PM,1AM,"You glance at the clock and find it is 12:00PM. Your friend Taylor asks you for the time, and you respond, saying it is",5,12PM,12PM,True,False
12PM,2AM,"You glance at the clock and find it is 12:00PM. Your friend Morgan asks you for the time, and you respond, saying it is",5,12PM,12PM,True,False
12PM,3AM,"You glance at the clock and find it is 12:00PM. Your friend Alex asks you for the time, and you respond, saying it is",5,12PM,12PM,True,False
12PM,4AM,"You glance at the clock and find it is 12:00PM. Your friend Sam asks you for the time, and you respond, saying it is",5,12PM,12PM,True,False
12PM,5AM,"You glance at the clock and find it is 12:00PM. Your friend Jordan asks you for the time, and you respond, saying it is",5,12PM,12PM,True,False
12PM,6AM,"You glance at the clock and find it is 12:00PM. Your friend Taylor asks you for the time, and you respond, saying it is",5,12PM,12PM,True,False
12PM,7AM,"You glance at the clock and find it is 12:00PM. Your friend Morgan asks you for the time, and you respond, saying it is",5,12PM,12PM,True,False
12PM,8AM,"You glance at the clock and find it is 12:00PM. Your friend Alex asks you for the time, and you respond, saying it is",5,12PM,12PM,True,False
12PM,9AM,"You glance at the clock and find it is 12:00PM. Your friend Sam asks you for the time, and you respond, saying it is",5,12PM,12PM,True,False
12PM,10AM,"You glance at the clock and find it is 12:00PM. Your friend Jordan asks you for the time, and you respond, saying it is",5,12PM,12PM,True,False
12PM,11AM,"You glance at the clock and find it is 12:00PM. Your friend Taylor asks you for the time, and you respond, saying it is",5,12PM,12PM,True,False
12PM,1PM,"You glance at the clock and find it is 12:00PM. Your friend Morgan asks you for the time, and you respond, saying it is",5,12PM,12PM,True,False
12PM,2PM,"You glance at the clock and find it is 12:00PM. Your friend Alex asks you for the time, and you respond, saying it is",5,12PM,12PM,True,False
12PM,3PM,"You glance at the clock and find it is 12:00PM. Your friend Sam asks you for the time, and you respond, saying it is",5,12PM,12PM,True,False
12PM,4PM,"You glance at the clock and find it is 12:00PM. Your friend Jordan asks you for the time, and you respond, saying it is",5,12PM,12PM,True,False
12PM,5PM,"You glance at the clock and find it is 12:00PM. Your friend Taylor asks you for the time, and you respond, saying it is",5,12PM,12PM,True,False
12PM,6PM,"You glance at the clock and find it is 12:00PM. Your friend Morgan asks you for the time, and you respond, saying it is",5,12PM,12PM,True,False
12PM,7PM,"You glance at the clock and find it is 12:00PM. Your friend Alex asks you for the time, and you respond, saying it is",5,12PM,12PM,True,False
12PM,8PM,"You glance at the clock and find it is 12:00PM. Your friend Sam asks you for the time, and you respond, saying it is",5,12PM,12PM,True,False
12PM,9PM,"You glance at the clock and find it is 12:00PM. Your friend Jordan asks you for the time, and you respond, saying it is",5,12PM,12PM,True,False
12PM,10PM,"You glance at the clock and find it is 12:00PM. Your friend Taylor asks you for the time, and you respond, saying it is",5,12PM,12PM,True,False
12PM,11PM,"You glance at the clock and find it is 12:00PM. Your friend Morgan asks you for the time, and you respond, saying it is",5,12PM,12PM,True,False
12PM,12AM,"You glance at the clock and find it is 12:00PM. Your friend Alex asks you for the time, and you respond, saying it is",5,12PM,12PM,True,False
1PM,1AM,"You glance at the clock and find it is 1:00PM. Your friend Sam asks you for the time, and you respond, saying it is",5,1PM,1PM,True,False
1PM,2AM,"You glance at the clock and find it is 1:00PM. Your friend Jordan asks you for the time, and you respond, saying it is",5,1PM,1PM,True,False
1PM,3AM,"You glance at the clock and find it is 1:00PM. Your friend Taylor asks you for the time, and you respond, saying it is",5,1PM,1PM,True,False
1PM,4AM,"You glance at the clock and find it is 1:00PM. Your friend Morgan asks you for the time, and you respond, saying it is",5,1PM,1PM,True,False
1PM,5AM,"You glance at the clock and find it is 1:00PM. Your friend Alex asks you for the time, and you respond, saying it is",5,1PM,1PM,True,False
1PM,6AM,"You glance at the clock and find it is 1:00PM. Your friend Sam asks you for the time, and you respond, saying it is",5,1PM,1PM,True,False
1PM,7AM,"You glance at the clock and find it is 1:00PM. Your friend Jordan asks you for the time, and you respond, saying it is",5,1PM,1PM,True,False
1PM,8AM,"You glance at the clock and find it is 1:00PM. Your friend Taylor asks you for the time, and you respond, saying it is",5,1PM,1PM,True,False
1PM,9AM,"You glance at the clock and find it is 1:00PM. Your friend Morgan asks you for the time, and you respond, saying it is",5,1PM,1PM,True,False
1PM,10AM,"You glance at the clock and find it is 1:00PM. Your friend Alex asks you for the time, and you respond, saying it is",5,1PM,1PM,True,False
1PM,11AM,"You glance at the clock and find it is 1:00PM. Your friend Sam asks you for the time, and you respond, saying it is",5,1PM,1PM,True,False
1PM,12PM,"You glance at the clock and find it is 1:00PM. Your friend Jordan asks you for the time, and you respond, saying it is",5,1PM,1PM,True,False
1PM,2PM,"You glance at the clock and find it is 1:00PM. Your friend Taylor asks you for the time, and you respond, saying it is",5,1PM,1PM,True,False
1PM,3PM,"You glance at the clock and find it is 1:00PM. Your friend Morgan asks you for the time, and you respond, saying it is",5,1PM,1PM,True,False
1PM,4PM,"You glance at the clock and find it is 1:00PM. Your friend Alex asks you for the time, and you respond, saying it is",5,1PM,1PM,True,False
1PM,5PM,"You glance at the clock and find it is 1:00PM. Your friend Sam asks you for the time, and you respond, saying it is",5,1PM,1PM,True,False
1PM,6PM,"You glance at the clock and find it is 1:00PM. Your friend Jordan asks you for the time, and you respond, saying it is",5,1PM,1PM,True,False
1PM,7PM,"You glance at the clock and find it is 1:00PM. Your friend Taylor asks you for the time, and you respond, saying it is",5,1PM,1PM,True,False
1PM,8PM,"You glance at the clock and find it is 1:00PM. Your friend Morgan asks you for the time, and you respond, saying it is",5,1PM,1PM,True,False
1PM,9PM,"You glance at the clock and find it is 1:00PM. Your friend Alex asks you for the time, and you respond, saying it is",5,1PM,1PM,True,False
1PM,10PM,"You glance at the clock and find it is 1:00PM. Your friend Sam asks you for the time, and you respond, saying it is",5,1PM,1PM,True,False
1PM,11PM,"You glance at the clock and find it is 1:00PM. Your friend Jordan asks you for the time, and you respond, saying it is",5,1PM,1PM,True,False
1PM,12AM,"You glance at the clock and find it is 1:00PM. Your friend Taylor asks you for the time, and you respond, saying it is",5,1PM,1PM,True,False
2PM,1AM,"You glance at the clock and find it is 2:00PM. Your friend Morgan asks you for the time, and you respond, saying it is",5,2PM,2PM,True,False
2PM,2AM,"You glance at the clock and find it is 2:00PM. Your friend Alex asks you for the time, and you respond, saying it is",5,2PM,2PM,True,False
2PM,3AM,"You glance at the clock and find it is 2:00PM. Your friend Sam asks you for the time, and you respond, saying it is",5,2PM,2PM,True,False
2PM,4AM,"You glance at the clock and find it is 2:00PM. Your friend Jordan asks you for the time, and you respond, saying it is",5,2PM,2PM,True,False
2PM,5AM,"You glance at the clock and find it is 2:00PM. Your friend Taylor asks you for the time, and you respond, saying it is",5,2PM,2PM,True,False
2PM,6AM,"You glance at the clock and find it is 2:00PM. Your friend Morgan asks you for the time, and you respond, saying it is",5,2PM,2PM,True,False
2PM,7AM,"You glance at the clock and find it is 2:00PM. Your friend Alex asks you for the time, and you respond, saying it is",5,2PM,2PM,True,False
2PM,8AM,"You glance at the clock and find it is 2:00PM. Your friend Sam asks you for the time, and you respond, saying it is",5,2PM,2PM,True,False
2PM,9AM,"You glance at the clock and find it is 2:00PM. Your friend Jordan asks you for the time, and you respond, saying it is",5,2PM,2PM,True,False
2PM,10AM,"You glance at the clock and find it is 2:00PM. Your friend Taylor asks you for the time, and you respond, saying it is",5,2PM,2PM,True,False
2PM,11AM,"You glance at the clock and find it is 2:00PM. Your friend Morgan asks you for the time, and you respond, saying it is",5,2PM,2PM,True,False
2PM,12PM,"You glance at the clock and find it is 2:00PM. Your friend Alex asks you for the time, and you respond, saying it is",5,2PM,2PM,True,False
2PM,1PM,"You glance at the clock and find it is 2:00PM. Your friend Sam asks you for the time, and you respond, saying it is",5,2PM,2PM,True,False
2PM,3PM,"You glance at the clock and find it is 2:00PM. Your friend Jordan asks you for the time, and you respond, saying it is",5,2PM,2PM,True,False
2PM,4PM,"You glance at the clock and find it is 2:00PM. Your friend Taylor asks you for the time, and you respond, saying it is",5,2PM,2PM,True,False
2PM,5PM,"You glance at the clock and find it is 2:00PM. Your friend Morgan asks you for the time, and you respond, saying it is",5,2PM,2PM,True,False
2PM,6PM,"You glance at the clock and find it is 2:00PM. Your friend Alex asks you for the time, and you respond, saying it is",5,2PM,2PM,True,False
2PM,7PM,"You glance at the clock and find it is 2:00PM. Your friend Sam asks you for the time, and you respond, saying it is",5,2PM,2PM,True,False
2PM,8PM,"You glance at the clock and find it is 2:00PM. Your friend Jordan asks you for the time, and you respond, saying it is",5,2PM,2PM,True,False
2PM,9PM,"You glance at the clock and find it is 2:00PM. Your friend Taylor asks you for the time, and you respond, saying it is",5,2PM,2PM,True,False
2PM,10PM,"You glance at the clock and find it is 2:00PM. Your friend Morgan asks you for the time, and you respond, saying it is",5,2PM,2PM,True,False
2PM,11PM,"You glance at the clock and find it is 2:00PM. Your friend Alex asks you for the time, and you respond, saying it is",5,2PM,2PM,True,False
2PM,12AM,"You glance at the clock and find it is 2:00PM. Your friend Sam asks you for the time, and you respond, saying it is",5,2PM,2PM,True,False
3PM,1AM,"You glance at the clock and find it is 3:00PM. Your friend Jordan asks you for the time, and you respond, saying it is",5,,,False,False
3PM,2AM,"You glance at the clock and find it is 3:00PM. Your friend Taylor asks you for the time, and you respond, saying it is",5,,,False,False
3PM,3AM,"You glance at the clock and find it is 3:00PM. Your friend Morgan asks you for the time, and you respond, saying it is",5,3PM,3PM,True,False
3PM,4AM,"You glance at the clock and find it is 3:00PM. Your friend Alex asks you for the time, and you respond, saying it is",5,3PM,3PM,True,False
3PM,5AM,"You glance at the clock and find it is 3:00PM. Your friend Sam asks you for the time, and you respond, saying it is",5,3PM,3PM,True,False
3PM,6AM,"You glance at the clock and find it is 3:00PM. Your friend Jordan asks you for the time, and you respond, saying it is",5,,,False,False
3PM,7AM,"You glance at the clock and find it is 3:00PM. Your friend Taylor asks you for the time, and you respond, saying it is",5,,,False,False
3PM,8AM,"You glance at the clock and find it is 3:00PM. Your friend Morgan asks you for the time, and you respond, saying it is",5,3PM,3PM,True,False
3PM,9AM,"You glance at the clock and find it is 3:00PM. Your friend Alex asks you for the time, and you respond, saying it is",5,3PM,3PM,True,False
3PM,10AM,"You glance at the clock and find it is 3:00PM. Your friend Sam asks you for the time, and you respond, saying it is",5,3PM,3PM,True,False
3PM,11AM,"You glance at the clock and find it is 3:00PM. Your friend Jordan asks you for the time, and you respond, saying it is",5,,,False,False
3PM,12PM,"You glance at the clock and find it is 3:00PM. Your friend Taylor asks you for the time, and you respond, saying it is",5,,,False,False
3PM,1PM,"You glance at the clock and find it is 3:00PM. Your friend Morgan asks you for the time, and you respond, saying it is",5,3PM,3PM,True,False
3PM,2PM,"You glance at the clock and find it is 3:00PM. Your friend Alex asks you for the time, and you respond, saying it is",5,3PM,3PM,True,False
3PM,4PM,"You glance at the clock and find it is 3:00PM. Your friend Sam asks you for the time, and you respond, saying it is",5,3PM,3PM,True,False
3PM,5PM,"You glance at the clock and find it is 3:00PM. Your friend Jordan asks you for the time, and you respond, saying it is",5,,,False,False
3PM,6PM,"You glance at the clock and find it is 3:00PM. Your friend Taylor asks you for the time, and you respond, saying it is",5,,,False,False
3PM,7PM,"You glance at the clock and find it is 3:00PM. Your friend Morgan asks you for the time, and you respond, saying it is",5,3PM,3PM,True,False
3PM,8PM,"You glance at the clock and find it is 3:00PM. Your friend Alex asks you for the time, and you respond, saying it is",5,3PM,3PM,True,False
3PM,9PM,"You glance at the clock and find it is 3:00PM. Your friend Sam asks you for the time, and you respond, saying it is",5,3PM,3PM,True,False
3PM,10PM,"You glance at the clock and find it is 3:00PM. Your friend Jordan asks you for the time, and you respond, saying it is",5,,,False,False
3PM,11PM,"You glance at the clock and find it is 3:00PM. Your friend Taylor asks you for the time, and you respond, saying it is",5,,,False,False
3PM,12AM,"You glance at the clock and find it is 3:00PM. Your friend Morgan asks you for the time, and you respond, saying it is",5,3PM,3PM,True,False
4PM,1AM,"You glance at the clock and find it is 4:00PM. Your friend Alex asks you for the time, and you respond, saying it is",5,4PM,4PM,True,False
4PM,2AM,"You glance at the clock and find it is 4:00PM. Your friend Sam asks you for the time, and you respond, saying it is",5,4PM,4PM,True,False
4PM,3AM,"You glance at the clock and find it is 4:00PM. Your friend Jordan asks you for the time, and you respond, saying it is",5,4PM,4PM,True,False
4PM,4AM,"You glance at the clock and find it is 4:00PM. Your friend Taylor asks you for the time, and you respond, saying it is",5,4PM,4PM,True,False
4PM,5AM,"You glance at the clock and find it is 4:00PM. Your friend Morgan asks you for the time, and you respond, saying it is",5,4PM,4PM,True,False
4PM,6AM,"You glance at the clock and find it is 4:00PM. Your friend Alex asks you for the time, and you respond, saying it is",5,4PM,4PM,True,False
4PM,7AM,"You glance at the clock and find it is 4:00PM. Your friend Sam asks you for the time, and you respond, saying it is",5,4PM,4PM,True,False
4PM,8AM,"You glance at the clock and find it is 4:00PM. Your friend Jordan asks you for the time, and you respond, saying it is",5,4PM,4PM,True,False
4PM,9AM,"You glance at the clock and find it is 4:00PM. Your friend Taylor asks you for the time, and you respond, saying it is",5,4PM,4PM,True,False
4PM,10AM,"You glance at the clock and find it is 4:00PM. Your friend Morgan asks you for the time, and you respond, saying it is",5,4PM,4PM,True,False
4PM,11AM,"You glance at the clock and find it is 4:00PM. Your friend Alex asks you for the time, and you respond, saying it is",5,4PM,4PM,True,False
4PM,12PM,"You glance at the clock and find it is 4:00PM. Your friend Sam asks you for the time, and you respond, saying it is",5,4PM,4PM,True,False
4PM,1PM,"You glance at the clock and find it is 4:00PM. Your friend Jordan asks you for the time, and you respond, saying it is",5,4PM,4PM,True,False
4PM,2PM,"You glance at the clock and find it is 4:00PM. Your friend Taylor asks you for the time, and you respond, saying it is",5,4PM,4PM,True,False
4PM,3PM,"You glance at the clock and find it is 4:00PM. Your friend Morgan asks you for the time, and you respond, saying it is",5,4PM,4PM,True,False
4PM,5PM,"You glance at the clock and find it is 4:00PM. Your friend Alex asks you for the time, and you respond, saying it is",5,4PM,4PM,True,False
4PM,6PM,"You glance at the clock and find it is 4:00PM. Your friend Sam asks you for the time, and you respond, saying it is",5,4PM,4PM,True,False
4PM,7PM,"You glance at the clock and find it is 4:00PM. Your friend Jordan asks you for the time, and you respond, saying it is",5,4PM,4PM,True,False
4PM,8PM,"You glance at the clock and find it is 4:00PM. Your friend Taylor asks you for the time, and you respond, saying it is",5,4PM,4PM,True,False
4PM,9PM,"You glance at the clock and find it is 4:00PM. Your friend Morgan asks you for the time, and you respond, saying it is",5,4PM,4PM,True,False
4PM,10PM,"You glance at the clock and find it is 4:00PM. Your friend Alex asks you for the time, and you respond, saying it is",5,4PM,4PM,True,False
4PM,11PM,"You glance at the clock and find it is 4:00PM. Your friend Sam asks you for the time, and you respond, saying it is",5,4PM,4PM,True,False
4PM,12AM,"You glance at the clock and find it is 4:00PM. Your friend Jordan asks you for the time, and you respond, saying it is",5,4PM,4PM,True,False
5PM,1AM,"You glance at the clock and find it is 5:00PM. Your friend Taylor asks you for the time, and you respond, saying it is",5,5PM,5PM,True,False
5PM,2AM,"You glance at the clock and find it is 5:00PM. Your friend Morgan asks you for the time, and you respond, saying it is",5,5PM,5PM,True,False
5PM,3AM,"You glance at the clock and find it is 5:00PM. Your friend Alex asks you for the time, and you respond, saying it is",5,5PM,5PM,True,False
5PM,4AM,"You glance at the clock and find it is 5:00PM. Your friend Sam asks you for the time, and you respond, saying it is",5,5PM,5PM,True,False
5PM,5AM,"You glance at the clock and find it is 5:00PM. Your friend Jordan asks you for the time, and you respond, saying it is",5,5PM,5PM,True,False
5PM,6AM,"You glance at the clock and find it is 5:00PM. Your friend Taylor asks you for the time, and you respond, saying it is",5,5PM,5PM,True,False
5PM,7AM,"You glance at the clock and find it is 5:00PM. Your friend Morgan asks you for the time, and you respond, saying it is",5,5PM,5PM,True,False
5PM,8AM,"You glance at the clock and find it is 5:00PM. Your friend Alex asks you for the time, and you respond, saying it is",5,5PM,5PM,True,False
5PM,9AM,"You glance at the clock and find it is 5:00PM. Your friend Sam asks you for the time, and you respond, saying it is",5,5PM,5PM,True,False
5PM,10AM,"You glance at the clock and find it is 5:00PM. Your friend Jordan asks you for the time, and you respond, saying it is",5,5PM,5PM,True,False
5PM,11AM,"You glance at the clock and find it is 5:00PM. Your friend Taylor asks you for the time, and you respond, saying it is",5,5PM,5PM,True,False
5PM,12PM,"You glance at the clock and find it is 5:00PM. Your friend Morgan asks you for the time, and you respond, saying it is",5,5PM,5PM,True,False
5PM,1PM,"You glance at the clock and find it is 5:00PM. Your friend Alex asks you for the time, and you respond, saying it is",5,5PM,5PM,True,False
5PM,2PM,"You glance at the clock and find it is 5:00PM. Your friend Sam asks you for the time, and you respond, saying it is",5,5PM,5PM,True,False
5PM,3PM,"You glance at the clock and find it is 5:00PM. Your friend Jordan asks you for the time, and you respond, saying it is",5,5PM,5PM,True,False
5PM,4PM,"You glance at the clock and find it is 5:00PM. Your friend Taylor asks you for the time, and you respond, saying it is",5,5PM,5PM,True,False
5PM,6PM,"You glance at the clock and find it is 5:00PM. Your friend Morgan asks you for the time, and you respond, saying it is",5,5PM,5PM,True,False
5PM,7PM,"You glance at the clock and find it is 5:00PM. Your friend Alex asks you for the time, and you respond, saying it is",5,5PM,5PM,True,False
5PM,8PM,"You glance at the clock and find it is 5:00PM. Your friend Sam asks you for the time, and you respond, saying it is",5,5PM,5PM,True,False
5PM,9PM,"You glance at the clock and find it is 5:00PM. Your friend Jordan asks you for the time, and you respond, saying it is",5,5PM,5PM,True,False
5PM,10PM,"You glance at the clock and find it is 5:00PM. Your friend Taylor asks you for the time, and you respond, saying it is",5,5PM,5PM,True,False
5PM,11PM,"You glance at the clock and find it is 5:00PM. Your friend Morgan asks you for the time, and you respond, saying it is",5,5PM,5PM,True,False
5PM,12AM,"You glance at the clock and find it is 5:00PM. Your friend Alex asks you for the time, and you respond, saying it is",5,5PM,5PM,True,False
6PM,1AM,"You glance at the clock and find it is 6:00PM. Your friend Sam asks you for the time, and you respond, saying it is",5,6PM,6PM,True,False
6PM,2AM,"You glance at the clock and find it is 6:00PM. Your friend Jordan asks you for the time, and you respond, saying it is",5,6PM,6PM,True,False
6PM,3AM,"You glance at the clock and find it is 6:00PM. Your friend Taylor asks you for the time, and you respond, saying it is",5,6PM,6PM,True,False
6PM,4AM,"You glance at the clock and find it is 6:00PM. Your friend Morgan asks you for the time, and you respond, saying it is",5,6PM,6PM,True,False
6PM,5AM,"You glance at the clock and find it is 6:00PM. Your friend Alex asks you for the time, and you respond, saying it is",5,6PM,6PM,True,False
6PM,6AM,"You glance at the clock and find it is 6:00PM. Your friend Sam asks you for the time, and you respond, saying it is",5,6PM,6PM,True,False
6PM,7AM,"You glance at the clock and find it is 6:00PM. Your friend Jordan asks you for the time, and you respond, saying it is",5,6PM,6PM,True,False
6PM,8AM,"You glance at the clock and find it is 6:00PM. Your friend Taylor asks you for the time, and you respond, saying it is",5,6PM,6PM,True,False
6PM,9AM,"You glance at the clock and find it is 6:00PM. Your friend Morgan asks you for the time, and you respond, saying it is",5,6PM,6PM,True,False
6PM,10AM,"You glance at the clock and find it is 6:00PM. Your friend Alex asks you for the time, and you respond, saying it is",5,6PM,6PM,True,False
6PM,11AM,"You glance at the clock and find it is 6:00PM. Your friend Sam asks you for the time, and you respond, saying it is",5,6PM,6PM,True,False
6PM,12PM,"You glance at the clock and find it is 6:00PM. Your friend Jordan asks you for the time, and you respond, saying it is",5,6PM,6PM,True,False
6PM,1PM,"You glance at the clock and find it is 6:00PM. Your friend Taylor asks you for the time, and you respond, saying it is",5,6PM,6PM,True,False
6PM,2PM,"You glance at the clock and find it is 6:00PM. Your friend Morgan asks you for the time, and you respond, saying it is",5,6PM,6PM,True,False
6PM,3PM,"You glance at the clock and find it is 6:00PM. Your friend Alex asks you for the time, and you respond, saying it is",5,6PM,6PM,True,False
6PM,4PM,"You glance at the clock and find it is 6:00PM. Your friend Sam asks you for the time, and you respond, saying it is",5,6PM,6PM,True,False
6PM,5PM,"You glance at the clock and find it is 6:00PM. Your friend Jordan asks you for the time, and you respond, saying it is",5,6PM,6PM,True,False
6PM,7PM,"You glance at the clock and find it is 6:00PM. Your friend Taylor asks you for the time, and you respond, saying it is",5,6PM,6PM,True,False
6PM,8PM,"You glance at the clock and find it is 6:00PM. Your friend Morgan asks you for the time, and you respond, saying it is",5,6PM,6PM,True,False
6PM,9PM,"You glance at the clock and find it is 6:00PM. Your friend Alex asks you for the time, and you respond, saying it is",5,6PM,6PM,True,False
6PM,10PM,"You glance at the clock and find it is 6:00PM. Your friend Sam asks you for the time, and you respond, saying it is",5,6PM,6PM,True,False
6PM,11PM,"You glance at the clock and find it is 6:00PM. Your friend Jordan asks you for the time, and you respond, saying it is",5,6PM,6PM,True,False
6PM,12AM,"You glance at the clock and find it is 6:00PM. Your friend Taylor asks you for the time, and you respond, saying it is",5,6PM,6PM,True,False
7PM,1AM,"You glance at the clock and find it is 7:00PM. Your friend Morgan asks you for the time, and you respond, saying it is",5,7PM,7PM,True,False
7PM,2AM,"You glance at the clock and find it is 7:00PM. Your friend Alex asks you for the time, and you respond, saying it is",5,7PM,7PM,True,False
7PM,3AM,"You glance at the clock and find it is 7:00PM. Your friend Sam asks you for the time, and you respond, saying it is",5,7PM,7PM,True,False
7PM,4AM,"You glance at the clock and find it is 7:00PM. Your friend Jordan asks you for the time, and you respond, saying it is",5,7PM,7PM,True,False
7PM,5AM,"You glance at the clock and find it is 7:00PM. Your friend Taylor asks you for the time, and you respond, saying it is",5,7PM,7PM,True,False
7PM,6AM,"You glance at the clock and find it is 7:00PM. Your friend Morgan asks you for the time, and you respond, saying it is",5,7PM,7PM,True,False
7PM,7AM,"You glance at the clock and find it is 7:00PM. Your friend Alex asks you for the time, and you respond, saying it is",5,7PM,7PM,True,False
7PM,8AM,"You glance at the clock and find it is 7:00PM. Your friend Sam asks you for the time, and you respond, saying it is",5,7PM,7PM,True,False
7PM,9AM,"You glance at the clock and find it is 7:00PM. Your friend Jordan asks you for the time, and you respond, saying it is",5,7PM,7PM,True,False
7PM,10AM,"You glance at the clock and find it is 7:00PM. Your friend Taylor asks you for the time, and you respond, saying it is",5,7PM,7PM,True,False
7PM,11AM,"You glance at the clock and find it is 7:00PM. Your friend Morgan asks you for the time, and you respond, saying it is",5,7PM,7PM,True,False
7PM,12PM,"You glance at the clock and find it is 7:00PM. Your friend Alex asks you for the time, and you respond, saying it is",5,7PM,7PM,True,False
7PM,1PM,"You glance at the clock and find it is 7:00PM. Your friend Sam asks you for the time, and you respond, saying it is",5,7PM,7PM,True,False
7PM,2PM,"You glance at the clock and find it is 7:00PM. Your friend Jordan asks you for the time, and you respond, saying it is",5,7PM,7PM,True,False
7PM,3PM,"You glance at the clock and find it is 7:00PM. Your friend Taylor asks you for the time, and you respond, saying it is",5,7PM,7PM,True,False
7PM,4PM,"You glance at the clock and find it is 7:00PM. Your friend Morgan asks you for the time, and you respond, saying it is",5,7PM,7PM,True,False
7PM,5PM,"You glance at the clock and find it is 7:00PM. Your friend Alex asks you for the time, and you respond, saying it is",5,7PM,7PM,True,False
7PM,6PM,"You glance at the clock and find it is 7:00PM. Your friend Sam asks you for the time, and you respond, saying it is",5,7PM,7PM,True,False
7PM,8PM,"You glance at the clock and find it is 7:00PM. Your friend Jordan asks you for the time, and you respond, saying it is",5,7PM,7PM,True,False
7PM,9PM,"You glance at the clock and find it is 7:00PM. Your friend Taylor asks you for the time, and you respond, saying it is",5,7PM,7PM,True,False
7PM,10PM,"You glance at the clock and find it is 7:00PM. Your friend Morgan asks you for the time, and you respond, saying it is",5,7PM,7PM,True,False
7PM,11PM,"You glance at the clock and find it is 7:00PM. Your friend Alex asks you for the time, and you respond, saying it is",5,7PM,7PM,True,False
7PM,12AM,"You glance at the clock and find it is 7:00PM. Your friend Sam asks you for the time, and you respond, saying it is",5,7PM,7PM,True,False
8PM,1AM,"You glance at the clock and find it is 8:00PM. Your friend Jordan asks you for the time, and you respond, saying it is",5,8PM,8PM,True,False
8PM,2AM,"You glance at the clock and find it is 8:00PM. Your friend Taylor asks you for the time, and you respond, saying it is",5,8PM,8PM,True,False
8PM,3AM,"You glance at the clock and find it is 8:00PM. Your friend Morgan asks you for the time, and you respond, saying it is",5,8PM,8PM,True,False
8PM,4AM,"You glance at the clock and find it is 8:00PM. Your friend Alex asks you for the time, and you respond, saying it is",5,8PM,8PM,True,False
8PM,5AM,"You glance at the clock and find it is 8:00PM. Your friend Sam asks you for the time, and you respond, saying it is",5,8PM,8PM,True,False
8PM,6AM,"You glance at the clock and find it is 8:00PM. Your friend Jordan asks you for the time, and you respond, saying it is",5,8PM,8PM,True,False
8PM,7AM,"You glance at the clock and find it is 8:00PM. Your friend Taylor asks you for the time, and you respond, saying it is",5,8PM,8PM,True,False
8PM,8AM,"You glance at the clock and find it is 8:00PM. Your friend Morgan asks you for the time, and you respond, saying it is",5,8PM,8PM,True,False
8PM,9AM,"You glance at the clock and find it is 8:00PM. Your friend Alex asks you for the time, and you respond, saying it is",5,8PM,8PM,True,False
8PM,10AM,"You glance at the clock and find it is 8:00PM. Your friend Sam asks you for the time, and you respond, saying it is",5,8PM,8PM,True,False
8PM,11AM,"You glance at the clock and find it is 8:00PM. Your friend Jordan asks you for the time, and you respond, saying it is",5,8PM,8PM,True,False
8PM,12PM,"You glance at the clock and find it is 8:00PM. Your friend Taylor asks you for the time, and you respond, saying it is",5,8PM,8PM,True,False
8PM,1PM,"You glance at the clock and find it is 8:00PM. Your friend Morgan asks you for the time, and you respond, saying it is",5,8PM,8PM,True,False
8PM,2PM,"You glance at the clock and find it is 8:00PM. Your friend Alex asks you for the time, and you respond, saying it is",5,8PM,8PM,True,False
8PM,3PM,"You glance at the clock and find it is 8:00PM. Your friend Sam asks you for the time, and you respond, saying it is",5,8PM,8PM,True,False
8PM,4PM,"You glance at the clock and find it is 8:00PM. Your friend Jordan asks you for the time, and you respond, saying it is",5,8PM,8PM,True,False
8PM,5PM,"You glance at the clock and find it is 8:00PM. Your friend Taylor asks you for the time, and you respond, saying it is",5,8PM,8PM,True,False
8PM,6PM,"You glance at the clock and find it is 8:00PM. Your friend Morgan asks you for the time, and you respond, saying it is",5,8PM,8PM,True,False
8PM,7PM,"You glance at the clock and find it is 8:00PM. Your friend Alex asks you for the time, and you respond, saying it is",5,8PM,8PM,True,False
8PM,9PM,"You glance at the clock and find it is 8:00PM. Your friend Sam asks you for the time, and you respond, saying it is",5,8PM,8PM,True,False
8PM,10PM,"You glance at the clock and find it is 8:00PM. Your friend Jordan asks you for the time, and you respond, saying it is",5,8PM,8PM,True,False
8PM,11PM,"You glance at the clock and find it is 8:00PM. Your friend Taylor asks you for the time, and you respond, saying it is",5,8PM,8PM,True,False
8PM,12AM,"You glance at the clock and find it is 8:00PM. Your friend Morgan asks you for the time, and you respond, saying it is",5,8PM,8PM,True,False
9PM,1AM,"You glance at the clock and find it is 9:00PM. Your friend Alex asks you for the time, and you respond, saying it is",5,9PM,9PM,True,False
9PM,2AM,"You glance at the clock and find it is 9:00PM. Your friend Sam asks you for the time, and you respond, saying it is",5,9PM,9PM,True,False
9PM,3AM,"You glance at the clock and find it is 9:00PM. Your friend Jordan asks you for the time, and you respond, saying it is",5,9PM,9PM,True,False
9PM,4AM,"You glance at the clock and find it is 9:00PM. Your friend Taylor asks you for the time, and you respond, saying it is",5,9PM,9PM,True,False
9PM,5AM,"You glance at the clock and find it is 9:00PM. Your friend Morgan asks you for the time, and you respond, saying it is",5,9PM,9PM,True,False
9PM,6AM,"You glance at the clock and find it is 9:00PM. Your friend Alex asks you for the time, and you respond, saying it is",5,9PM,9PM,True,False
9PM,7AM,"You glance at the clock and find it is 9:00PM. Your friend Sam asks you for the time, and you respond, saying it is",5,9PM,9PM,True,False
9PM,8AM,"You glance at the clock and find it is 9:00PM. Your friend Jordan asks you for the time, and you respond, saying it is",5,9PM,9PM,True,False
9PM,9AM,"You glance at the clock and find it is 9:00PM. Your friend Taylor asks you for the time, and you respond, saying it is",5,9PM,9PM,True,False
9PM,10AM,"You glance at the clock and find it is 9:00PM. Your friend Morgan asks you for the time, and you respond, saying it is",5,9PM,9PM,True,False
9PM,11AM,"You glance at the clock and find it is 9:00PM. Your friend Alex asks you for the time, and you respond, saying it is",5,9PM,9PM,True,False
9PM,12PM,"You glance at the clock and find it is 9:00PM. Your friend Sam asks you for the time, and you respond, saying it is",5,9PM,9PM,True,False
9PM,1PM,"You glance at the clock and find it is 9:00PM. Your friend Jordan asks you for the time, and you respond, saying it is",5,9PM,9PM,True,False
9PM,2PM,"You glance at the clock and find it is 9:00PM. Your friend Taylor asks you for the time, and you respond, saying it is",5,9PM,9PM,True,False
9PM,3PM,"You glance at the clock and find it is 9:00PM. Your friend Morgan asks you for the time, and you respond, saying it is",5,9PM,9PM,True,False
9PM,4PM,"You glance at the clock and find it is 9:00PM. Your friend Alex asks you for the time, and you respond, saying it is",5,9PM,9PM,True,False
9PM,5PM,"You glance at the clock and find it is 9:00PM. Your friend Sam asks you for the time, and you respond, saying it is",5,9PM,9PM,True,False
9PM,6PM,"You glance at the clock and find it is 9:00PM. Your friend Jordan asks you for the time, and you respond, saying it is",5,9PM,9PM,True,False
9PM,7PM,"You glance at the clock and find it is 9:00PM. Your friend Taylor asks you for the time, and you respond, saying it is",5,9PM,9PM,True,False
9PM,8PM,"You glance at the clock and find it is 9:00PM. Your friend Morgan asks you for the time, and you respond, saying it is",5,9PM,9PM,True,False
9PM,10PM,"You glance at the clock and find it is 9:00PM. Your friend Alex asks you for the time, and you respond, saying it is",5,9PM,9PM,True,False
9PM,11PM,"You glance at the clock and find it is 9:00PM. Your friend Sam asks you for the time, and you respond, saying it is",5,9PM,9PM,True,False
9PM,12AM,"You glance at the clock and find it is 9:00PM. Your friend Jordan asks you for the time, and you respond, saying it is",5,9PM,9PM,True,False
10PM,1AM,"You glance at the clock and find it is 10:00PM. Your friend Taylor asks you for the time, and you respond, saying it is",5,,,False,False
10PM,2AM,"You glance at the clock and find it is 10:00PM. Your friend Morgan asks you for the time, and you respond, saying it is",5,10PM,10PM,True,False
10PM,3AM,"You glance at the clock and find it is 10:00PM. Your friend Alex asks you for the time, and you respond, saying it is",5,,,False,False
10PM,4AM,"You glance at the clock and find it is 10:00PM. Your friend Sam asks you for the time, and you respond, saying it is",5,,,False,False
10PM,5AM,"You glance at the clock and find it is 10:00PM. Your friend Jordan asks you for the time, and you respond, saying it is",5,,,False,False
10PM,6AM,"You glance at the clock and find it is 10:00PM. Your friend Taylor asks you for the time, and you respond, saying it is",5,,,False,False
10PM,7AM,"You glance at the clock and find it is 10:00PM. Your friend Morgan asks you for the time, and you respond, saying it is",5,10PM,10PM,True,False
10PM,8AM,"You glance at the clock and find it is 10:00PM. Your friend Alex asks you for the time, and you respond, saying it is",5,,,False,False
10PM,9AM,"You glance at the clock and find it is 10:00PM. Your friend Sam asks you for the time, and you respond, saying it is",5,,,False,False
10PM,10AM,"You glance at the clock and find it is 10:00PM. Your friend Jordan asks you for the time, and you respond, saying it is",5,,,False,False
10PM,11AM,"You glance at the clock and find it is 10:00PM. Your friend Taylor asks you for the time, and you respond, saying it is",5,,,False,False
10PM,12PM,"You glance at the clock and find it is 10:00PM. Your friend Morgan asks you for the time, and you respond, saying it is",5,10PM,10PM,True,False
10PM,1PM,"You glance at the clock and find it is 10:00PM. Your friend Alex asks you for the time, and you respond, saying it is",5,,,False,False
10PM,2PM,"You glance at the clock and find it is 10:00PM. Your friend Sam asks you for the time, and you respond, saying it is",5,,,False,False
10PM,3PM,"You glance at the clock and find it is 10:00PM. Your friend Jordan asks you for the time, and you respond, saying it is",5,,,False,False
10PM,4PM,"You glance at the clock and find it is 10:00PM. Your friend Taylor asks you for the time, and you respond, saying it is",5,,,False,False
10PM,5PM,"You glance at the clock and find it is 10:00PM. Your friend Morgan asks you for the time, and you respond, saying it is",5,10PM,10PM,True,False
10PM,6PM,"You glance at the clock and find it is 10:00PM. Your friend Alex asks you for the time, and you respond, saying it is",5,,,False,False
10PM,7PM,"You glance at the clock and find it is 10:00PM. Your friend Sam asks you for the time, and you respond, saying it is",5,,,False,False
10PM,8PM,"You glance at the clock and find it is 10:00PM. Your friend Jordan asks you for the time, and you respond, saying it is",5,,,False,False
10PM,9PM,"You glance at the clock and find it is 10:00PM. Your friend Taylor asks you for the time, and you respond, saying it is",5,,,False,False
10PM,11PM,"You glance at the clock and find it is 10:00PM. Your friend Morgan asks you for the time, and you respond, saying it is",5,10PM,10PM,True,False
10PM,12AM,"You glance at the clock and find it is 10:00PM. Your friend Alex asks you for the time, and you respond, saying it is",5,,,False,False
11PM,1AM,"You glance at the clock and find it is 11:00PM. Your friend Sam asks you for the time, and you respond, saying it is",5,11PM,11PM,True,False
11PM,2AM,"You glance at the clock and find it is 11:00PM. Your friend Jordan asks you for the time, and you respond, saying it is",5,11PM,11PM,True,False
11PM,3AM,"You glance at the clock and find it is 11:00PM. Your friend Taylor asks you for the time, and you respond, saying it is",5,11PM,11PM,True,False
11PM,4AM,"You glance at the clock and find it is 11:00PM. Your friend Morgan asks you for the time, and you respond, saying it is",5,11PM,11PM,True,False
11PM,5AM,"You glance at the clock and find it is 11:00PM. Your friend Alex asks you for the time, and you respond, saying it is",5,11PM,11PM,True,False
11PM,6AM,"You glance at the clock and find it is 11:00PM. Your friend Sam asks you for the time, and you respond, saying it is",5,11PM,11PM,True,False
11PM,7AM,"You glance at the clock and find it is 11:00PM. Your friend Jordan asks you for the time, and you respond, saying it is",5,11PM,11PM,True,False
11PM,8AM,"You glance at the clock and find it is 11:00PM. Your friend Taylor asks you for the time, and you respond, saying it is",5,11PM,11PM,True,False
11PM,9AM,"You glance at the clock and find it is 11:00PM. Your friend Morgan asks you for the time, and you respond, saying it is",5,11PM,11PM,True,False
11PM,10AM,"You glance at the clock and find it is 11:00PM. Your friend Alex asks you for the time, and you respond, saying it is",5,11PM,11PM,True,False
11PM,11AM,"You glance at the clock and find it is 11:00PM. Your friend Sam asks you for the time, and you respond, saying it is",5,11PM,11PM,True,False
11PM,12PM,"You glance at the clock and find it is 11:00PM. Your friend Jordan asks you for the time, and you respond, saying it is",5,11PM,11PM,True,False
11PM,1PM,"You glance at the clock and find it is 11:00PM. Your friend Taylor asks you for the time, and you respond, saying it is",5,11PM,11PM,True,False
11PM,2PM,"You glance at the clock and find it is 11:00PM. Your friend Morgan asks you for the time, and you respond, saying it is",5,11PM,11PM,True,False
11PM,3PM,"You glance at the clock and find it is 11:00PM. Your friend Alex asks you for the time, and you respond, saying it is",5,11PM,11PM,True,False
11PM,4PM,"You glance at the clock and find it is 11:00PM. Your friend Sam asks you for the time, and you respond, saying it is",5,11PM,11PM,True,False
11PM,5PM,"You glance at the clock and find it is 11:00PM. Your friend Jordan asks you for the time, and you respond, saying it is",5,11PM,11PM,True,False
11PM,6PM,"You glance at the clock and find it is 11:00PM. Your friend Taylor asks you for the time, and you respond, saying it is",5,11PM,11PM,True,False
11PM,7PM,"You glance at the clock and find it is 11:00PM. Your friend Morgan asks you for the time, and you respond, saying it is",5,11PM,11PM,True,False
11PM,8PM,"You glance at the clock and find it is 11:00PM. Your friend Alex asks you for the time, and you respond, saying it is",5,11PM,11PM,True,False
11PM,9PM,"You glance at the clock and find it is 11:00PM. Your friend Sam asks you for the time, and you respond, saying it is",5,11PM,11PM,True,False
11PM,10PM,"You glance at the clock and find it is 11:00PM. Your friend Jordan asks you for the time, and you respond, saying it is",5,11PM,11PM,True,False
11PM,12AM,"You glance at the clock and find it is 11:00PM. Your friend Taylor asks you for the time, and you respond, saying it is",5,11PM,11PM,True,False
12AM,1AM,"You glance at the clock and find it is 12:00AM. Your friend Morgan asks you for the time, and you respond, saying it is",5,,,False,False
12AM,2AM,"You glance at the clock and find it is 12:00AM. Your friend Alex asks you for the time, and you respond, saying it is",5,,,False,False
12AM,3AM,"You glance at the clock and find it is 12:00AM. Your friend Sam asks you for the time, and you respond, saying it is",5,,,False,False
12AM,4AM,"You glance at the clock and find it is 12:00AM. Your friend Jordan asks you for the time, and you respond, saying it is",5,,,False,False
12AM,5AM,"You glance at the clock and find it is 12:00AM. Your friend Taylor asks you for the time, and you respond, saying it is",5,,,False,False
12AM,6AM,"You glance at the clock and find it is 12:00AM. Your friend Morgan asks you for the time, and you respond, saying it is",5,,,False,False
12AM,7AM,"You glance at the clock and find it is 12:00AM. Your friend Alex asks you for the time, and you respond, saying it is",5,,,False,False
12AM,8AM,"You glance at the clock and find it is 12:00AM. Your friend Sam asks you for the time, and you respond, saying it is",5,,,False,False
12AM,9AM,"You glance at the clock and find it is 12:00AM. Your friend Jordan asks you for the time, and you respond, saying it is",5,,,False,False
12AM,10AM,"You glance at the clock and find it is 12:00AM. Your friend Taylor asks you for the time, and you respond, saying it is",5,,,False,False
12AM,11AM,"You glance at the clock and find it is 12:00AM. Your friend Morgan asks you for the time, and you respond, saying it is",5,,,False,False
12AM,12PM,"You glance at the clock and find it is 12:00AM. Your friend Alex asks you for the time, and you respond, saying it is",5,,,False,False
12AM,1PM,"You glance at the clock and find it is 12:00AM. Your friend Sam asks you for the time, and you respond, saying it is",5,,12AM,False,False
12AM,2PM,"You glance at the clock and find it is 12:00AM. Your friend Jordan asks you for the time, and you respond, saying it is",5,,,False,False
12AM,3PM,"You glance at the clock and find it is 12:00AM. Your friend Taylor asks you for the time, and you respond, saying it is",5,,,False,False
12AM,4PM,"You glance at the clock and find it is 12:00AM. Your friend Morgan asks you for the time, and you respond, saying it is",5,,,False,False
12AM,5PM,"You glance at the clock and find it is 12:00AM. Your friend Alex asks you for the time, and you respond, saying it is",5,,,False,False
12AM,6PM,"You glance at the clock and find it is 12:00AM. Your friend Sam asks you for the time, and you respond, saying it is",5,,,False,False
12AM,7PM,"You glance at the clock and find it is 12:00AM. Your friend Jordan asks you for the time, and you respond, saying it is",5,,,False,False
12AM,8PM,"You glance at the clock and find it is 12:00AM. Your friend Taylor asks you for the time, and you respond, saying it is",5,,,False,False
12AM,9PM,"You glance at the clock and find it is 12:00AM. Your friend Morgan asks you for the time, and you respond, saying it is",5,,,False,False
12AM,10PM,"You glance at the clock and find it is 12:00AM. Your friend Alex asks you for the time, and you respond, saying it is",5,,,False,False
12AM,11PM,"You glance at the clock and find it is 12:00AM. Your friend Sam asks you for the time, and you respond, saying it is",5,,,False,False
