Sentence,Label
Bob confirmed the lag was under one week,05_week
Raj recorded the duration as one decade,08_decade
Amara recorded the duration as one year,07_year
Prof. Wang set the experiment timer for one second,01_second
Dr. Chen noted the delay was about one hour,03_hour
The retention policy spans one year,07_year
Raj calculated the half-life as roughly one century,09_century
Dr. Patel reported latency of approximately one century,09_century
Bob set the experiment timer for one minute,02_minute
Omar measured the response time in one minute,02_minute
The clock ticks once per hour,03_hour
Yuki confirmed the lag was under one year,07_year
Omar confirmed the lag was under one month,06_month
Amara measured the response time in one month,06_month
Dr. Patel calculated the half-life as roughly one decade,08_decade
Maria measured the response time in one month,06_month
the postdoc measured the response time in one decade,08_decade
the coordinator budgeted resources by the decade,08_decade
Elena recorded the duration as one day,04_day
Alice noted the delay was about one century,09_century
The signal persists for approximately one day,04_day
the postdoc recorded the duration as one year,07_year
Sarah recorded the duration as one hour,03_hour
Omar recorded the duration as one second,01_second
Liam noted the delay was about one century,09_century
Dr. Rossi budgeted resources by the week,05_week
Elena measured the response time in one minute,02_minute
Kevin confirmed the lag was under one year,07_year
the PI recorded the duration as one decade,08_decade
the PI confirmed the lag was under one millisecond,00_millisecond
Prof. Wang set the experiment timer for one millisecond,00_millisecond
Data is captured at a resolution of one decade,08_decade
The experiment was designed around the timescale of one minute,02_minute
The experiment was designed around the timescale of one day,04_day
The protocol requires a pause of one day,04_day
the PI budgeted resources by the decade,08_decade
Each interval in the protocol corresponds to one century,09_century
the technician budgeted resources by the millisecond,00_millisecond
The gap between readings is one hour,03_hour
Dr. Chen reported latency of approximately one minute,02_minute
The epoch duration is fixed at one second,01_second
Dr. Okafor noted the delay was about one decade,08_decade
the coordinator recorded the duration as one decade,08_decade
Prof. Kim noted the delay was about one century,09_century
The gap between readings is one decade,08_decade
The process is measured in units of one year,07_year
the analyst set the experiment timer for one millisecond,00_millisecond
the analyst confirmed the lag was under one second,01_second
The protocol requires a pause of one hour,03_hour
the supervisor measured the response time in one month,06_month
Dr. Smith budgeted resources by the year,07_year
The epoch duration is fixed at one hour,03_hour
the PI budgeted resources by the second,01_second
Prof. Müller reported latency of approximately one millisecond,00_millisecond
the postdoc reported latency of approximately one millisecond,00_millisecond
Sarah recorded the duration as one century,09_century
James noted the delay was about one year,07_year
Bob recorded the duration as one week,05_week
Liam measured the response time in one second,01_second
Dr. Okafor calculated the half-life as roughly one year,07_year
The clock ticks once per week,05_week
Kevin reported latency of approximately one second,01_second
The reaction completes in exactly one day,04_day
Omar budgeted resources by the millisecond,00_millisecond
The standard interval for this assay is one decade,08_decade
Resolution of the sensor is roughly one month,06_month
Amara recorded the duration as one second,01_second
Prof. Wang noted the delay was about one month,06_month
Prof. Kim reported latency of approximately one century,09_century
Dr. Okafor set the experiment timer for one day,04_day
Sarah measured the response time in one week,05_week
Prof. Kim recorded the duration as one day,04_day
Charlie reported latency of approximately one century,09_century
Prof. Wang calculated the half-life as roughly one minute,02_minute
Charlie reported latency of approximately one year,07_year
Liam reported latency of approximately one millisecond,00_millisecond
The oscillation period measures one second,01_second
Each interval in the protocol corresponds to one day,04_day
the coordinator set the experiment timer for one day,04_day
The gap between readings is one minute,02_minute
The gap between readings is one year,07_year
Dr. Okafor measured the response time in one minute,02_minute
Phase transitions occur every week,05_week
the technician recorded the duration as one millisecond,00_millisecond
The process is measured in units of one day,04_day
The synchronization window aligns to one second,01_second
The protocol requires a pause of one second,01_second
Elena budgeted resources by the day,04_day
the intern set the experiment timer for one year,07_year
Charlie calculated the half-life as roughly one hour,03_hour
Charlie set the experiment timer for one minute,02_minute
the postdoc confirmed the lag was under one day,04_day
Kevin calculated the half-life as roughly one millisecond,00_millisecond
the technician noted the delay was about one day,04_day
Elena noted the delay was about one second,01_second
Omar measured the response time in one millisecond,00_millisecond
Sarah noted the delay was about one second,01_second
Data is captured at a resolution of one second,01_second
Sample decay is tracked per year,07_year
Events are logged to the nearest minute,02_minute
the coordinator reported latency of approximately one year,07_year
The epoch duration is fixed at one century,09_century
Dr. Okafor measured the response time in one century,09_century
James measured the response time in one hour,03_hour
the nurse measured the response time in one second,01_second
Cell division occurs on the order of one hour,03_hour
Dr. Okafor set the experiment timer for one week,05_week
Dr. Smith calculated the half-life as roughly one year,07_year
Resolution of the sensor is roughly one decade,08_decade
Prof. Kim noted the delay was about one decade,08_decade
Liam calculated the half-life as roughly one second,01_second
Resolution of the sensor is roughly one day,04_day
Raj confirmed the lag was under one decade,08_decade
Bob set the experiment timer for one century,09_century
Bob measured the response time in one year,07_year
Raj calculated the half-life as roughly one day,04_day
Dr. Patel set the experiment timer for one hour,03_hour
Dr. Patel set the experiment timer for one second,01_second
Prof. Müller recorded the duration as one week,05_week
Dr. Chen budgeted resources by the century,09_century
Liam recorded the duration as one week,05_week
the analyst confirmed the lag was under one year,07_year
Prof. Wang budgeted resources by the minute,02_minute
Omar measured the response time in one second,01_second
The cache refreshes every hour,03_hour
The process is measured in units of one millisecond,00_millisecond
the technician calculated the half-life as roughly one decade,08_decade
the PI measured the response time in one minute,02_minute
Bob confirmed the lag was under one century,09_century
The checkpoint interval is set to one decade,08_decade
Omar noted the delay was about one millisecond,00_millisecond
Yuki noted the delay was about one second,01_second
Elena calculated the half-life as roughly one day,04_day
the PI recorded the duration as one year,07_year
Prof. Wang calculated the half-life as roughly one second,01_second
The process is measured in units of one minute,02_minute
Alice reported latency of approximately one century,09_century
Charlie calculated the half-life as roughly one minute,02_minute
Dr. Rossi confirmed the lag was under one hour,03_hour
Raj recorded the duration as one week,05_week
Omar reported latency of approximately one week,05_week
the supervisor measured the response time in one second,01_second
the intern noted the delay was about one month,06_month
the coordinator calculated the half-life as roughly one day,04_day
Omar measured the response time in one month,06_month
Dr. Okafor budgeted resources by the day,04_day
Maria confirmed the lag was under one millisecond,00_millisecond
The simulation advances by one second,01_second
Sarah confirmed the lag was under one millisecond,00_millisecond
The clock ticks once per day,04_day
Kevin recorded the duration as one second,01_second
Charlie confirmed the lag was under one hour,03_hour
Dr. Chen calculated the half-life as roughly one month,06_month
Charlie recorded the duration as one second,01_second
Raj calculated the half-life as roughly one decade,08_decade
The epoch duration is fixed at one millisecond,00_millisecond
Dr. Chen calculated the half-life as roughly one decade,08_decade
the analyst calculated the half-life as roughly one hour,03_hour
Yuki confirmed the lag was under one century,09_century
Alice calculated the half-life as roughly one decade,08_decade
The synchronization window aligns to one month,06_month
Dr. Patel reported latency of approximately one minute,02_minute
Dr. Okafor reported latency of approximately one century,09_century
Data is captured at a resolution of one minute,02_minute
Bob calculated the half-life as roughly one hour,03_hour
the coordinator measured the response time in one hour,03_hour
Dr. Smith reported latency of approximately one year,07_year
the PI measured the response time in one month,06_month
the technician confirmed the lag was under one week,05_week
The experiment was designed around the timescale of one decade,08_decade
the nurse confirmed the lag was under one week,05_week
Dr. Rossi reported latency of approximately one second,01_second
Charlie reported latency of approximately one month,06_month
the nurse reported latency of approximately one month,06_month
Bob budgeted resources by the second,01_second
Prof. Müller noted the delay was about one century,09_century
the intern confirmed the lag was under one century,09_century
Each interval in the protocol corresponds to one week,05_week
The process is measured in units of one week,05_week
The checkpoint interval is set to one year,07_year
Amara reported latency of approximately one week,05_week
Dr. Chen reported latency of approximately one hour,03_hour
James recorded the duration as one millisecond,00_millisecond
Omar noted the delay was about one minute,02_minute
Elena budgeted resources by the century,09_century
Sarah recorded the duration as one decade,08_decade
the intern budgeted resources by the millisecond,00_millisecond
the supervisor calculated the half-life as roughly one week,05_week
Dr. Chen measured the response time in one millisecond,00_millisecond
the intern calculated the half-life as roughly one hour,03_hour
The process is measured in units of one century,09_century
Alice reported latency of approximately one decade,08_decade
The standard interval for this assay is one week,05_week
the analyst calculated the half-life as roughly one millisecond,00_millisecond
the analyst measured the response time in one week,05_week
Fatima noted the delay was about one second,01_second
the coordinator noted the delay was about one century,09_century
Dr. Smith noted the delay was about one millisecond,00_millisecond
the technician calculated the half-life as roughly one day,04_day
the analyst budgeted resources by the decade,08_decade
Prof. Kim set the experiment timer for one second,01_second
Liam budgeted resources by the day,04_day
Prof. Müller reported latency of approximately one second,01_second
Prof. Kim recorded the duration as one decade,08_decade
Dr. Chen budgeted resources by the week,05_week
the supervisor calculated the half-life as roughly one second,01_second
the PI recorded the duration as one millisecond,00_millisecond
Dr. Rossi budgeted resources by the minute,02_minute
Bob recorded the duration as one century,09_century
Dr. Patel recorded the duration as one millisecond,00_millisecond
Bob measured the response time in one millisecond,00_millisecond
the analyst reported latency of approximately one hour,03_hour
Each interval in the protocol corresponds to one second,01_second
Dr. Rossi set the experiment timer for one decade,08_decade
The signal persists for approximately one year,07_year
Dr. Smith set the experiment timer for one millisecond,00_millisecond
the coordinator noted the delay was about one month,06_month
Raj set the experiment timer for one minute,02_minute
the postdoc budgeted resources by the minute,02_minute
Dr. Patel calculated the half-life as roughly one month,06_month
Resolution of the sensor is roughly one second,01_second
Dr. Chen confirmed the lag was under one week,05_week
Prof. Wang budgeted resources by the second,01_second
Dr. Chen measured the response time in one decade,08_decade
the technician noted the delay was about one millisecond,00_millisecond
the postdoc calculated the half-life as roughly one millisecond,00_millisecond
Prof. Kim calculated the half-life as roughly one day,04_day
the analyst budgeted resources by the millisecond,00_millisecond
The retention policy spans one day,04_day
Amara set the experiment timer for one minute,02_minute
the coordinator recorded the duration as one day,04_day
Dr. Chen set the experiment timer for one decade,08_decade
Dr. Patel measured the response time in one century,09_century
Sample decay is tracked per millisecond,00_millisecond
Prof. Wang recorded the duration as one day,04_day
Dr. Chen calculated the half-life as roughly one second,01_second
Omar budgeted resources by the week,05_week
The synchronization window aligns to one minute,02_minute
Dr. Patel set the experiment timer for one month,06_month
the PI set the experiment timer for one century,09_century
The oscillation period measures one century,09_century
Dr. Chen confirmed the lag was under one millisecond,00_millisecond
the analyst reported latency of approximately one decade,08_decade
Dr. Okafor noted the delay was about one year,07_year
Prof. Wang noted the delay was about one century,09_century
Dr. Rossi confirmed the lag was under one day,04_day
Liam confirmed the lag was under one decade,08_decade
The signal persists for approximately one minute,02_minute
Prof. Kim measured the response time in one month,06_month
Prof. Wang calculated the half-life as roughly one week,05_week
Yuki confirmed the lag was under one week,05_week
The reaction completes in exactly one month,06_month
The synchronization window aligns to one day,04_day
Prof. Wang reported latency of approximately one hour,03_hour
Phase transitions occur every century,09_century
the PI noted the delay was about one year,07_year
The experiment was designed around the timescale of one month,06_month
the supervisor reported latency of approximately one year,07_year
Yuki noted the delay was about one day,04_day
Dr. Patel measured the response time in one millisecond,00_millisecond
Elena budgeted resources by the millisecond,00_millisecond
The oscillation period measures one millisecond,00_millisecond
Omar measured the response time in one year,07_year
Fatima set the experiment timer for one second,01_second
the supervisor calculated the half-life as roughly one millisecond,00_millisecond
Alice measured the response time in one millisecond,00_millisecond
Dr. Rossi budgeted resources by the second,01_second
Raj set the experiment timer for one millisecond,00_millisecond
Liam reported latency of approximately one week,05_week
Yuki calculated the half-life as roughly one minute,02_minute
Dr. Rossi noted the delay was about one millisecond,00_millisecond
the nurse calculated the half-life as roughly one second,01_second
the PI noted the delay was about one decade,08_decade
Elena reported latency of approximately one millisecond,00_millisecond
The simulation advances by one month,06_month
Dr. Rossi set the experiment timer for one century,09_century
The simulation advances by one decade,08_decade
Dr. Rossi calculated the half-life as roughly one millisecond,00_millisecond
Yuki confirmed the lag was under one second,01_second
Sample decay is tracked per week,05_week
Resolution of the sensor is roughly one century,09_century
the intern set the experiment timer for one decade,08_decade
the coordinator noted the delay was about one hour,03_hour
Bob noted the delay was about one week,05_week
Resolution of the sensor is roughly one year,07_year
Omar recorded the duration as one minute,02_minute
Raj reported latency of approximately one year,07_year
The cache refreshes every month,06_month
Prof. Wang measured the response time in one century,09_century
Dr. Chen set the experiment timer for one week,05_week
Prof. Wang confirmed the lag was under one century,09_century
Fatima reported latency of approximately one year,07_year
the supervisor set the experiment timer for one month,06_month
Raj confirmed the lag was under one hour,03_hour
the nurse budgeted resources by the week,05_week
Liam confirmed the lag was under one millisecond,00_millisecond
Yuki calculated the half-life as roughly one century,09_century
James reported latency of approximately one week,05_week
Dr. Smith measured the response time in one second,01_second
Amara measured the response time in one minute,02_minute
Dr. Patel reported latency of approximately one month,06_month
The checkpoint interval is set to one hour,03_hour
the technician confirmed the lag was under one day,04_day
the nurse measured the response time in one hour,03_hour
Cell division occurs on the order of one year,07_year
the analyst confirmed the lag was under one millisecond,00_millisecond
Maria noted the delay was about one minute,02_minute
Alice recorded the duration as one century,09_century
Dr. Smith budgeted resources by the century,09_century
the nurse reported latency of approximately one second,01_second
James calculated the half-life as roughly one millisecond,00_millisecond
the coordinator noted the delay was about one day,04_day
James budgeted resources by the second,01_second
The reaction completes in exactly one millisecond,00_millisecond
Fatima noted the delay was about one month,06_month
Maria calculated the half-life as roughly one minute,02_minute
the technician noted the delay was about one month,06_month
Liam confirmed the lag was under one century,09_century
Data is captured at a resolution of one day,04_day
Maria noted the delay was about one month,06_month
The retention policy spans one week,05_week
Prof. Wang reported latency of approximately one year,07_year
Prof. Müller reported latency of approximately one century,09_century
The reaction completes in exactly one week,05_week
Kevin measured the response time in one millisecond,00_millisecond
the postdoc measured the response time in one second,01_second
The cache refreshes every week,05_week
The gap between readings is one second,01_second
Kevin recorded the duration as one minute,02_minute
Alice recorded the duration as one second,01_second
Liam calculated the half-life as roughly one week,05_week
James noted the delay was about one hour,03_hour
Sarah reported latency of approximately one decade,08_decade
Fatima noted the delay was about one day,04_day
Kevin recorded the duration as one week,05_week
Liam confirmed the lag was under one second,01_second
Kevin noted the delay was about one week,05_week
The retention policy spans one minute,02_minute
the supervisor calculated the half-life as roughly one day,04_day
the analyst recorded the duration as one millisecond,00_millisecond
Sarah calculated the half-life as roughly one century,09_century
the PI budgeted resources by the day,04_day
the analyst calculated the half-life as roughly one year,07_year
James budgeted resources by the day,04_day
the intern recorded the duration as one minute,02_minute
the nurse calculated the half-life as roughly one month,06_month
Amara noted the delay was about one second,01_second
the PI reported latency of approximately one hour,03_hour
The cache refreshes every century,09_century
Phase transitions occur every hour,03_hour
Prof. Müller calculated the half-life as roughly one second,01_second
The simulation advances by one day,04_day
Amara budgeted resources by the century,09_century
the postdoc set the experiment timer for one year,07_year
Raj recorded the duration as one millisecond,00_millisecond
Yuki budgeted resources by the year,07_year
Omar calculated the half-life as roughly one minute,02_minute
The checkpoint interval is set to one millisecond,00_millisecond
Maria noted the delay was about one century,09_century
Liam budgeted resources by the month,06_month
The reaction completes in exactly one century,09_century
Dr. Okafor budgeted resources by the millisecond,00_millisecond
Charlie confirmed the lag was under one decade,08_decade
Events are logged to the nearest day,04_day
the PI measured the response time in one week,05_week
Fatima confirmed the lag was under one year,07_year
The clock ticks once per month,06_month
Alice set the experiment timer for one century,09_century
Kevin set the experiment timer for one year,07_year
The retention policy spans one decade,08_decade
Each interval in the protocol corresponds to one decade,08_decade
Raj calculated the half-life as roughly one minute,02_minute
the intern reported latency of approximately one decade,08_decade
Elena recorded the duration as one month,06_month
Dr. Rossi set the experiment timer for one minute,02_minute
The oscillation period measures one minute,02_minute
the supervisor confirmed the lag was under one day,04_day
Amara calculated the half-life as roughly one year,07_year
Fatima recorded the duration as one millisecond,00_millisecond
the analyst noted the delay was about one second,01_second
Elena reported latency of approximately one week,05_week
Sarah recorded the duration as one year,07_year
the intern noted the delay was about one century,09_century
The oscillation period measures one day,04_day
Kevin noted the delay was about one century,09_century
Sample decay is tracked per minute,02_minute
the nurse confirmed the lag was under one millisecond,00_millisecond
Prof. Müller measured the response time in one second,01_second
The process is measured in units of one decade,08_decade
Yuki confirmed the lag was under one decade,08_decade
Sarah reported latency of approximately one hour,03_hour
Phase transitions occur every second,01_second
Dr. Rossi set the experiment timer for one day,04_day
The reaction completes in exactly one decade,08_decade
The checkpoint interval is set to one week,05_week
Elena reported latency of approximately one day,04_day
the analyst reported latency of approximately one second,01_second
Dr. Rossi measured the response time in one minute,02_minute
The synchronization window aligns to one week,05_week
Phase transitions occur every decade,08_decade
Liam confirmed the lag was under one minute,02_minute
The signal persists for approximately one month,06_month
The checkpoint interval is set to one month,06_month
Sample decay is tracked per second,01_second
The standard interval for this assay is one hour,03_hour
the supervisor budgeted resources by the day,04_day
Liam budgeted resources by the millisecond,00_millisecond
The cache refreshes every day,04_day
The reaction completes in exactly one minute,02_minute
Prof. Wang noted the delay was about one second,01_second
Bob calculated the half-life as roughly one second,01_second
The oscillation period measures one week,05_week
the postdoc measured the response time in one month,06_month
Charlie recorded the duration as one hour,03_hour
The clock ticks once per decade,08_decade
Cell division occurs on the order of one day,04_day
The signal persists for approximately one second,01_second
Kevin budgeted resources by the hour,03_hour
Prof. Wang confirmed the lag was under one minute,02_minute
Amara set the experiment timer for one millisecond,00_millisecond
Cell division occurs on the order of one century,09_century
Kevin confirmed the lag was under one minute,02_minute
The synchronization window aligns to one year,07_year
Prof. Wang calculated the half-life as roughly one century,09_century
Dr. Okafor set the experiment timer for one minute,02_minute
the PI confirmed the lag was under one week,05_week
Data is captured at a resolution of one hour,03_hour
The epoch duration is fixed at one decade,08_decade
the nurse confirmed the lag was under one minute,02_minute
Alice recorded the duration as one minute,02_minute
the intern budgeted resources by the minute,02_minute
Sample decay is tracked per hour,03_hour
Prof. Kim calculated the half-life as roughly one minute,02_minute
The epoch duration is fixed at one year,07_year
the supervisor noted the delay was about one second,01_second
Dr. Chen calculated the half-life as roughly one year,07_year
The signal persists for approximately one century,09_century
The clock ticks once per century,09_century
The synchronization window aligns to one millisecond,00_millisecond
Sarah confirmed the lag was under one year,07_year
Yuki recorded the duration as one decade,08_decade
Prof. Müller recorded the duration as one millisecond,00_millisecond
the postdoc confirmed the lag was under one week,05_week
The signal persists for approximately one millisecond,00_millisecond
the intern reported latency of approximately one month,06_month
Kevin recorded the duration as one month,06_month
The gap between readings is one week,05_week
The checkpoint interval is set to one minute,02_minute
Alice budgeted resources by the minute,02_minute
Fatima reported latency of approximately one minute,02_minute
Charlie set the experiment timer for one century,09_century
the technician measured the response time in one hour,03_hour
The retention policy spans one millisecond,00_millisecond
Prof. Kim confirmed the lag was under one century,09_century
Sample decay is tracked per century,09_century
Raj reported latency of approximately one hour,03_hour
the nurse set the experiment timer for one century,09_century
Dr. Rossi calculated the half-life as roughly one second,01_second
the PI noted the delay was about one day,04_day
Yuki budgeted resources by the week,05_week
Yuki measured the response time in one decade,08_decade
Fatima confirmed the lag was under one minute,02_minute
Dr. Chen measured the response time in one minute,02_minute
The epoch duration is fixed at one week,05_week
James confirmed the lag was under one day,04_day
The signal persists for approximately one decade,08_decade
Dr. Smith noted the delay was about one minute,02_minute
the analyst reported latency of approximately one year,07_year
Data is captured at a resolution of one century,09_century
Sarah calculated the half-life as roughly one hour,03_hour
The clock ticks once per second,01_second
Each interval in the protocol corresponds to one minute,02_minute
Charlie reported latency of approximately one day,04_day
Alice budgeted resources by the second,01_second
Dr. Smith recorded the duration as one month,06_month
Liam measured the response time in one minute,02_minute
Kevin noted the delay was about one year,07_year
Dr. Patel noted the delay was about one century,09_century
The simulation advances by one millisecond,00_millisecond
Charlie budgeted resources by the year,07_year
Yuki noted the delay was about one decade,08_decade
Yuki recorded the duration as one millisecond,00_millisecond
Sample decay is tracked per day,04_day
James calculated the half-life as roughly one minute,02_minute
Kevin budgeted resources by the minute,02_minute
the coordinator set the experiment timer for one week,05_week
the postdoc set the experiment timer for one decade,08_decade
the intern calculated the half-life as roughly one millisecond,00_millisecond
Dr. Rossi noted the delay was about one minute,02_minute
Charlie set the experiment timer for one month,06_month
Omar reported latency of approximately one month,06_month
Raj measured the response time in one week,05_week
The process is measured in units of one hour,03_hour
The protocol requires a pause of one week,05_week
Amara reported latency of approximately one day,04_day
Bob confirmed the lag was under one hour,03_hour
Amara measured the response time in one week,05_week
Dr. Patel measured the response time in one week,05_week
Prof. Wang calculated the half-life as roughly one hour,03_hour
Sarah calculated the half-life as roughly one second,01_second
the intern measured the response time in one minute,02_minute
Maria noted the delay was about one year,07_year
Liam measured the response time in one hour,03_hour
Prof. Müller confirmed the lag was under one year,07_year
the intern calculated the half-life as roughly one century,09_century
Omar set the experiment timer for one day,04_day
Dr. Smith set the experiment timer for one year,07_year
the analyst recorded the duration as one minute,02_minute
Raj recorded the duration as one second,01_second
the supervisor calculated the half-life as roughly one minute,02_minute
The gap between readings is one month,06_month
Cell division occurs on the order of one second,01_second
Alice reported latency of approximately one day,04_day
Dr. Okafor reported latency of approximately one hour,03_hour
Dr. Rossi calculated the half-life as roughly one week,05_week
the analyst measured the response time in one day,04_day
Charlie measured the response time in one millisecond,00_millisecond
The synchronization window aligns to one hour,03_hour
Bob confirmed the lag was under one day,04_day
the intern recorded the duration as one decade,08_decade
Prof. Kim recorded the duration as one year,07_year
The oscillation period measures one year,07_year
the technician reported latency of approximately one millisecond,00_millisecond
The protocol requires a pause of one minute,02_minute
Bob measured the response time in one minute,02_minute
Each interval in the protocol corresponds to one month,06_month
the technician set the experiment timer for one millisecond,00_millisecond
Resolution of the sensor is roughly one hour,03_hour
Bob calculated the half-life as roughly one decade,08_decade
Phase transitions occur every minute,02_minute
The checkpoint interval is set to one second,01_second
Data is captured at a resolution of one millisecond,00_millisecond
Liam recorded the duration as one year,07_year
Sarah budgeted resources by the day,04_day
Events are logged to the nearest week,05_week
Dr. Okafor recorded the duration as one year,07_year
Fatima budgeted resources by the year,07_year
The protocol requires a pause of one decade,08_decade
the coordinator measured the response time in one day,04_day
Prof. Müller reported latency of approximately one month,06_month
James noted the delay was about one millisecond,00_millisecond
the supervisor budgeted resources by the minute,02_minute
the coordinator budgeted resources by the week,05_week
Data is captured at a resolution of one month,06_month
Alice set the experiment timer for one millisecond,00_millisecond
the supervisor confirmed the lag was under one week,05_week
Alice confirmed the lag was under one hour,03_hour
the analyst calculated the half-life as roughly one month,06_month
the postdoc confirmed the lag was under one hour,03_hour
Omar reported latency of approximately one millisecond,00_millisecond
the supervisor measured the response time in one millisecond,00_millisecond
the analyst confirmed the lag was under one decade,08_decade
Kevin reported latency of approximately one week,05_week
Yuki noted the delay was about one millisecond,00_millisecond
the PI noted the delay was about one second,01_second
Dr. Rossi set the experiment timer for one second,01_second
Omar noted the delay was about one year,07_year
Sarah set the experiment timer for one decade,08_decade
Liam calculated the half-life as roughly one minute,02_minute
Yuki budgeted resources by the second,01_second
Prof. Müller reported latency of approximately one hour,03_hour
Dr. Chen noted the delay was about one month,06_month
Omar budgeted resources by the year,07_year
the supervisor recorded the duration as one month,06_month
the supervisor reported latency of approximately one hour,03_hour
Elena set the experiment timer for one hour,03_hour
Maria set the experiment timer for one year,07_year
the PI budgeted resources by the year,07_year
Dr. Rossi recorded the duration as one minute,02_minute
Dr. Chen measured the response time in one second,01_second
Dr. Okafor confirmed the lag was under one day,04_day
the technician measured the response time in one minute,02_minute
Maria budgeted resources by the century,09_century
the technician noted the delay was about one century,09_century
Kevin budgeted resources by the decade,08_decade
Omar confirmed the lag was under one hour,03_hour
Raj budgeted resources by the week,05_week
Prof. Kim recorded the duration as one minute,02_minute
the intern recorded the duration as one week,05_week
Raj budgeted resources by the hour,03_hour
Kevin reported latency of approximately one month,06_month
Prof. Müller recorded the duration as one century,09_century
Omar confirmed the lag was under one day,04_day
the technician set the experiment timer for one century,09_century
Liam reported latency of approximately one second,01_second
Dr. Chen reported latency of approximately one decade,08_decade
Dr. Chen measured the response time in one day,04_day
the postdoc reported latency of approximately one minute,02_minute
Amara measured the response time in one day,04_day
the postdoc noted the delay was about one minute,02_minute
Elena noted the delay was about one month,06_month
Raj reported latency of approximately one decade,08_decade
the intern budgeted resources by the decade,08_decade
Alice confirmed the lag was under one month,06_month
Dr. Rossi reported latency of approximately one century,09_century
Yuki measured the response time in one year,07_year
The protocol requires a pause of one millisecond,00_millisecond
James measured the response time in one decade,08_decade
the technician recorded the duration as one second,01_second
the coordinator confirmed the lag was under one second,01_second
Alice calculated the half-life as roughly one minute,02_minute
Dr. Okafor measured the response time in one year,07_year
Yuki calculated the half-life as roughly one day,04_day
Data is captured at a resolution of one week,05_week
The signal persists for approximately one week,05_week
The checkpoint interval is set to one day,04_day
Bob budgeted resources by the week,05_week
Elena set the experiment timer for one week,05_week
James recorded the duration as one hour,03_hour
Dr. Okafor calculated the half-life as roughly one hour,03_hour
Dr. Rossi noted the delay was about one month,06_month
James calculated the half-life as roughly one century,09_century
Amara recorded the duration as one hour,03_hour
Sarah set the experiment timer for one hour,03_hour
the postdoc reported latency of approximately one year,07_year
Dr. Smith confirmed the lag was under one month,06_month
the nurse recorded the duration as one second,01_second
James recorded the duration as one day,04_day
The clock ticks once per minute,02_minute
the technician measured the response time in one month,06_month
Sarah recorded the duration as one second,01_second
Sarah confirmed the lag was under one second,01_second
Charlie noted the delay was about one millisecond,00_millisecond
Charlie budgeted resources by the millisecond,00_millisecond
Dr. Okafor recorded the duration as one second,01_second
The synchronization window aligns to one decade,08_decade
Omar confirmed the lag was under one century,09_century
Omar measured the response time in one hour,03_hour
Charlie measured the response time in one century,09_century
the postdoc calculated the half-life as roughly one day,04_day
Prof. Wang measured the response time in one millisecond,00_millisecond
The oscillation period measures one hour,03_hour
the PI measured the response time in one day,04_day
Sarah budgeted resources by the second,01_second
Kevin set the experiment timer for one century,09_century
Elena calculated the half-life as roughly one month,06_month
Amara budgeted resources by the day,04_day
the technician reported latency of approximately one century,09_century
Charlie confirmed the lag was under one week,05_week
Prof. Wang recorded the duration as one year,07_year
Prof. Wang budgeted resources by the day,04_day
Amara calculated the half-life as roughly one minute,02_minute
the PI set the experiment timer for one day,04_day
James budgeted resources by the week,05_week
Events are logged to the nearest decade,08_decade
The experiment was designed around the timescale of one hour,03_hour
the supervisor budgeted resources by the year,07_year
the intern measured the response time in one millisecond,00_millisecond
The gap between readings is one day,04_day
The experiment was designed around the timescale of one century,09_century
Phase transitions occur every month,06_month
Omar set the experiment timer for one millisecond,00_millisecond
Dr. Patel noted the delay was about one week,05_week
Charlie budgeted resources by the minute,02_minute
James noted the delay was about one day,04_day
Liam noted the delay was about one millisecond,00_millisecond
The retention policy spans one century,09_century
The protocol requires a pause of one month,06_month
Yuki confirmed the lag was under one month,06_month
Prof. Müller budgeted resources by the millisecond,00_millisecond
Dr. Okafor reported latency of approximately one minute,02_minute
Charlie confirmed the lag was under one minute,02_minute
Bob set the experiment timer for one year,07_year
Omar recorded the duration as one millisecond,00_millisecond
Phase transitions occur every millisecond,00_millisecond
Elena measured the response time in one hour,03_hour
James set the experiment timer for one second,01_second
Kevin noted the delay was about one minute,02_minute
Kevin calculated the half-life as roughly one decade,08_decade
Dr. Rossi reported latency of approximately one week,05_week
Maria measured the response time in one millisecond,00_millisecond
the postdoc measured the response time in one minute,02_minute
the coordinator budgeted resources by the second,01_second
Events are logged to the nearest millisecond,00_millisecond
Yuki measured the response time in one hour,03_hour
Dr. Okafor measured the response time in one millisecond,00_millisecond
Charlie calculated the half-life as roughly one week,05_week
Elena measured the response time in one millisecond,00_millisecond
Yuki measured the response time in one millisecond,00_millisecond
Dr. Smith budgeted resources by the month,06_month
Sarah noted the delay was about one century,09_century
Cell division occurs on the order of one millisecond,00_millisecond
Raj budgeted resources by the day,04_day
Raj noted the delay was about one second,01_second
The epoch duration is fixed at one minute,02_minute
Data is captured at a resolution of one year,07_year
Prof. Wang recorded the duration as one week,05_week
The cache refreshes every second,01_second
Prof. Kim recorded the duration as one millisecond,00_millisecond
the PI measured the response time in one century,09_century
Fatima noted the delay was about one year,07_year
the nurse set the experiment timer for one millisecond,00_millisecond
Prof. Müller recorded the duration as one year,07_year
Raj confirmed the lag was under one second,01_second
Dr. Chen measured the response time in one hour,03_hour
Bob confirmed the lag was under one second,01_second
The process is measured in units of one month,06_month
Prof. Wang set the experiment timer for one week,05_week
Liam confirmed the lag was under one month,06_month
Sarah reported latency of approximately one minute,02_minute
Prof. Wang recorded the duration as one minute,02_minute
Kevin calculated the half-life as roughly one day,04_day
The retention policy spans one hour,03_hour
James reported latency of approximately one millisecond,00_millisecond
Sarah set the experiment timer for one minute,02_minute
The retention policy spans one month,06_month
the coordinator budgeted resources by the hour,03_hour
Raj confirmed the lag was under one month,06_month
Dr. Smith reported latency of approximately one day,04_day
Dr. Patel noted the delay was about one hour,03_hour
Yuki set the experiment timer for one second,01_second
Dr. Rossi noted the delay was about one decade,08_decade
The simulation advances by one hour,03_hour
the analyst reported latency of approximately one minute,02_minute
Maria reported latency of approximately one minute,02_minute
Prof. Kim budgeted resources by the hour,03_hour
Liam recorded the duration as one month,06_month
Amara budgeted resources by the hour,03_hour
The standard interval for this assay is one year,07_year
Dr. Okafor calculated the half-life as roughly one century,09_century
the nurse measured the response time in one millisecond,00_millisecond
the technician set the experiment timer for one minute,02_minute
Maria reported latency of approximately one decade,08_decade
Omar set the experiment timer for one century,09_century
Bob measured the response time in one day,04_day
Prof. Müller recorded the duration as one month,06_month
the intern set the experiment timer for one day,04_day
Maria reported latency of approximately one year,07_year
The experiment was designed around the timescale of one millisecond,00_millisecond
Dr. Smith measured the response time in one millisecond,00_millisecond
Prof. Kim budgeted resources by the year,07_year
The cache refreshes every minute,02_minute
The standard interval for this assay is one month,06_month
the coordinator set the experiment timer for one millisecond,00_millisecond
Fatima measured the response time in one century,09_century
The signal persists for approximately one hour,03_hour
Dr. Patel recorded the duration as one second,01_second
Prof. Wang set the experiment timer for one minute,02_minute
The retention policy spans one second,01_second
Prof. Kim measured the response time in one decade,08_decade
Yuki set the experiment timer for one hour,03_hour
the analyst confirmed the lag was under one century,09_century
the PI calculated the half-life as roughly one decade,08_decade
Sample decay is tracked per month,06_month
Resolution of the sensor is roughly one millisecond,00_millisecond
Maria budgeted resources by the day,04_day
the PI noted the delay was about one century,09_century
the technician calculated the half-life as roughly one millisecond,00_millisecond
The clock ticks once per year,07_year
Dr. Okafor noted the delay was about one month,06_month
Prof. Kim noted the delay was about one minute,02_minute
Prof. Kim set the experiment timer for one decade,08_decade
Alice confirmed the lag was under one year,07_year
the intern reported latency of approximately one day,04_day
Dr. Patel set the experiment timer for one week,05_week
Prof. Kim calculated the half-life as roughly one century,09_century
Bob set the experiment timer for one second,01_second
Dr. Chen reported latency of approximately one century,09_century
Cell division occurs on the order of one week,05_week
Fatima confirmed the lag was under one week,05_week
Phase transitions occur every year,07_year
Maria measured the response time in one year,07_year
Charlie budgeted resources by the century,09_century
James set the experiment timer for one month,06_month
Dr. Chen budgeted resources by the year,07_year
Prof. Kim set the experiment timer for one millisecond,00_millisecond
the postdoc set the experiment timer for one hour,03_hour
The gap between readings is one millisecond,00_millisecond
Dr. Smith confirmed the lag was under one day,04_day
The simulation advances by one minute,02_minute
Bob calculated the half-life as roughly one year,07_year
the postdoc calculated the half-life as roughly one year,07_year
James confirmed the lag was under one minute,02_minute
Elena noted the delay was about one hour,03_hour
Charlie noted the delay was about one second,01_second
Prof. Kim confirmed the lag was under one millisecond,00_millisecond
Each interval in the protocol corresponds to one hour,03_hour
Yuki set the experiment timer for one month,06_month
Raj reported latency of approximately one minute,02_minute
The oscillation period measures one decade,08_decade
Dr. Patel budgeted resources by the millisecond,00_millisecond
Bob reported latency of approximately one hour,03_hour
Fatima calculated the half-life as roughly one day,04_day
Prof. Kim calculated the half-life as roughly one week,05_week
Dr. Chen reported latency of approximately one second,01_second
Dr. Okafor noted the delay was about one week,05_week
The cache refreshes every millisecond,00_millisecond
the technician confirmed the lag was under one decade,08_decade
Dr. Chen confirmed the lag was under one year,07_year
Prof. Müller budgeted resources by the month,06_month
Each interval in the protocol corresponds to one year,07_year
the nurse recorded the duration as one month,06_month
The standard interval for this assay is one century,09_century
The experiment was designed around the timescale of one week,05_week
the nurse budgeted resources by the day,04_day
Sarah reported latency of approximately one day,04_day
Prof. Wang measured the response time in one week,05_week
Dr. Rossi reported latency of approximately one minute,02_minute
Yuki reported latency of approximately one millisecond,00_millisecond
The oscillation period measures one month,06_month
the PI reported latency of approximately one minute,02_minute
the coordinator set the experiment timer for one second,01_second
Omar reported latency of approximately one decade,08_decade
the nurse measured the response time in one year,07_year
Dr. Rossi noted the delay was about one second,01_second
the technician confirmed the lag was under one millisecond,00_millisecond
Amara noted the delay was about one minute,02_minute
Sample decay is tracked per decade,08_decade
Dr. Rossi calculated the half-life as roughly one hour,03_hour
Maria calculated the half-life as roughly one century,09_century
Sarah budgeted resources by the month,06_month
The cache refreshes every year,07_year
The simulation advances by one century,09_century
Alice measured the response time in one second,01_second
Kevin budgeted resources by the millisecond,00_millisecond
Dr. Chen noted the delay was about one week,05_week
Resolution of the sensor is roughly one week,05_week
the PI calculated the half-life as roughly one year,07_year
Dr. Smith noted the delay was about one second,01_second
Maria set the experiment timer for one minute,02_minute
The protocol requires a pause of one year,07_year
Maria set the experiment timer for one decade,08_decade
Prof. Müller budgeted resources by the century,09_century
Prof. Wang measured the response time in one minute,02_minute
Raj confirmed the lag was under one year,07_year
Dr. Smith measured the response time in one month,06_month
Resolution of the sensor is roughly one minute,02_minute
Yuki recorded the duration as one day,04_day
the coordinator noted the delay was about one decade,08_decade
the postdoc budgeted resources by the day,04_day
the intern measured the response time in one decade,08_decade
Yuki budgeted resources by the century,09_century
The experiment was designed around the timescale of one second,01_second
Prof. Wang noted the delay was about one hour,03_hour
the technician reported latency of approximately one decade,08_decade
the PI set the experiment timer for one year,07_year
Prof. Kim noted the delay was about one millisecond,00_millisecond
the analyst recorded the duration as one hour,03_hour
the supervisor budgeted resources by the week,05_week
The epoch duration is fixed at one day,04_day
Amara noted the delay was about one day,04_day
Events are logged to the nearest hour,03_hour
The protocol requires a pause of one century,09_century
Amara set the experiment timer for one day,04_day
Prof. Müller noted the delay was about one minute,02_minute
the intern reported latency of approximately one century,09_century
Dr. Chen recorded the duration as one year,07_year
Omar calculated the half-life as roughly one month,06_month
Yuki measured the response time in one minute,02_minute
the supervisor set the experiment timer for one hour,03_hour
Dr. Okafor set the experiment timer for one decade,08_decade
Dr. Patel budgeted resources by the year,07_year
Cell division occurs on the order of one month,06_month
Dr. Okafor recorded the duration as one week,05_week
The standard interval for this assay is one day,04_day
Each interval in the protocol corresponds to one millisecond,00_millisecond
Dr. Smith measured the response time in one week,05_week
the intern measured the response time in one week,05_week
The process is measured in units of one second,01_second
the postdoc recorded the duration as one second,01_second
Maria calculated the half-life as roughly one week,05_week
Dr. Patel calculated the half-life as roughly one day,04_day
Alice noted the delay was about one decade,08_decade
Elena confirmed the lag was under one day,04_day
Dr. Rossi budgeted resources by the century,09_century
the technician noted the delay was about one hour,03_hour
Maria set the experiment timer for one second,01_second
Liam budgeted resources by the hour,03_hour
Events are logged to the nearest month,06_month
Dr. Smith calculated the half-life as roughly one week,05_week
Prof. Kim budgeted resources by the week,05_week
Prof. Müller calculated the half-life as roughly one hour,03_hour
Raj recorded the duration as one minute,02_minute
Prof. Wang calculated the half-life as roughly one month,06_month
Maria reported latency of approximately one day,04_day
Kevin set the experiment timer for one day,04_day
Dr. Okafor budgeted resources by the minute,02_minute
Events are logged to the nearest year,07_year
Fatima reported latency of approximately one day,04_day
the coordinator measured the response time in one century,09_century
Raj measured the response time in one century,09_century
Prof. Müller measured the response time in one hour,03_hour
Sarah measured the response time in one century,09_century
Dr. Rossi measured the response time in one century,09_century
Liam set the experiment timer for one hour,03_hour
The clock ticks once per millisecond,00_millisecond
James budgeted resources by the minute,02_minute
Prof. Wang confirmed the lag was under one day,04_day
James recorded the duration as one century,09_century
James calculated the half-life as roughly one decade,08_decade
James recorded the duration as one decade,08_decade
Charlie recorded the duration as one minute,02_minute
Prof. Kim recorded the duration as one week,05_week
Cell division occurs on the order of one decade,08_decade
Kevin confirmed the lag was under one millisecond,00_millisecond
The checkpoint interval is set to one century,09_century
the intern recorded the duration as one day,04_day
The standard interval for this assay is one millisecond,00_millisecond
Fatima noted the delay was about one millisecond,00_millisecond
the nurse recorded the duration as one week,05_week
Sarah set the experiment timer for one week,05_week
Prof. Müller calculated the half-life as roughly one week,05_week
Dr. Patel noted the delay was about one second,01_second
Prof. Wang confirmed the lag was under one week,05_week
Yuki confirmed the lag was under one hour,03_hour
Fatima reported latency of approximately one second,01_second
Yuki confirmed the lag was under one day,04_day
Fatima measured the response time in one year,07_year
the PI budgeted resources by the week,05_week
the intern calculated the half-life as roughly one day,04_day
the technician reported latency of approximately one day,04_day
the nurse reported latency of approximately one week,05_week
the intern calculated the half-life as roughly one week,05_week
The cache refreshes every decade,08_decade
the technician calculated the half-life as roughly one second,01_second
Yuki confirmed the lag was under one millisecond,00_millisecond
Dr. Chen budgeted resources by the minute,02_minute
Raj measured the response time in one hour,03_hour
The experiment was designed around the timescale of one year,07_year
Sarah recorded the duration as one minute,02_minute
the intern confirmed the lag was under one week,05_week
Fatima reported latency of approximately one decade,08_decade
Prof. Kim budgeted resources by the day,04_day
the coordinator confirmed the lag was under one century,09_century
Sarah noted the delay was about one day,04_day
The synchronization window aligns to one century,09_century
Amara measured the response time in one year,07_year
Dr. Rossi reported latency of approximately one day,04_day
the nurse budgeted resources by the second,01_second
Dr. Chen recorded the duration as one decade,08_decade
Maria set the experiment timer for one week,05_week
Events are logged to the nearest century,09_century
Amara reported latency of approximately one decade,08_decade
Maria calculated the half-life as roughly one second,01_second
the postdoc recorded the duration as one day,04_day
James noted the delay was about one second,01_second
James confirmed the lag was under one year,07_year
The simulation advances by one week,05_week
Raj noted the delay was about one day,04_day
Maria reported latency of approximately one century,09_century
the intern confirmed the lag was under one second,01_second
Elena set the experiment timer for one decade,08_decade
Raj recorded the duration as one day,04_day
Prof. Kim calculated the half-life as roughly one year,07_year
Prof. Kim budgeted resources by the decade,08_decade
the PI calculated the half-life as roughly one hour,03_hour
Elena measured the response time in one second,01_second
Dr. Patel confirmed the lag was under one minute,02_minute
Phase transitions occur every day,04_day
Prof. Wang recorded the duration as one decade,08_decade
Fatima budgeted resources by the week,05_week
Maria calculated the half-life as roughly one millisecond,00_millisecond
The standard interval for this assay is one second,01_second
the postdoc noted the delay was about one decade,08_decade
the intern noted the delay was about one millisecond,00_millisecond
Dr. Patel calculated the half-life as roughly one minute,02_minute
Prof. Kim confirmed the lag was under one minute,02_minute
the intern noted the delay was about one minute,02_minute
Prof. Kim calculated the half-life as roughly one second,01_second
Dr. Smith noted the delay was about one hour,03_hour
The reaction completes in exactly one hour,03_hour
The epoch duration is fixed at one month,06_month
the intern set the experiment timer for one century,09_century
The reaction completes in exactly one year,07_year
The gap between readings is one century,09_century
Dr. Okafor recorded the duration as one decade,08_decade
Omar noted the delay was about one decade,08_decade
The reaction completes in exactly one second,01_second
Amara calculated the half-life as roughly one day,04_day
The simulation advances by one year,07_year
Dr. Okafor confirmed the lag was under one month,06_month
Alice calculated the half-life as roughly one day,04_day
Events are logged to the nearest second,01_second
Prof. Müller confirmed the lag was under one month,06_month
Kevin budgeted resources by the week,05_week
Amara measured the response time in one hour,03_hour
Dr. Rossi reported latency of approximately one hour,03_hour
Maria measured the response time in one minute,02_minute
James measured the response time in one century,09_century
The standard interval for this assay is one minute,02_minute
Charlie measured the response time in one hour,03_hour
the nurse budgeted resources by the hour,03_hour
the analyst measured the response time in one year,07_year
Prof. Kim reported latency of approximately one week,05_week
Kevin reported latency of approximately one century,09_century
Charlie measured the response time in one month,06_month
the PI reported latency of approximately one millisecond,00_millisecond
the coordinator noted the delay was about one year,07_year
Dr. Okafor calculated the half-life as roughly one decade,08_decade
the coordinator budgeted resources by the minute,02_minute
Sarah measured the response time in one minute,02_minute
Elena budgeted resources by the decade,08_decade
Cell division occurs on the order of one minute,02_minute
Sarah set the experiment timer for one second,01_second
Maria budgeted resources by the month,06_month
Dr. Chen noted the delay was about one year,07_year
Dr. Okafor confirmed the lag was under one century,09_century
the supervisor reported latency of approximately one millisecond,00_millisecond
Kevin recorded the duration as one hour,03_hour
Dr. Chen budgeted resources by the millisecond,00_millisecond
